person,personLabel,country,countryLabel,genderLabel,wikipediaArticle
http://www.wikidata.org/entity/Q1951764,Ra'ana Liaquat Ali Khan,http://www.wikidata.org/entity/Q843,Pakistan,female,https://ar.wikipedia.org/wiki/%D8%B1%D8%B9%D9%86%D8%A7_%D9%84%D9%8A%D8%A7%D9%82%D8%AA_%D8%B9%D9%84%D9%8A_%D8%AE%D8%A7%D9%86
http://www.wikidata.org/entity/Q1951764,Ra'ana Liaquat Ali Khan,http://www.wikidata.org/entity/Q843,Pakistan,female,https://en.wikipedia.org/wiki/Ra%27ana_Liaquat_Ali_Khan
http://www.wikidata.org/entity/Q1951764,Ra'ana Liaquat Ali Khan,http://www.wikidata.org/entity/Q843,Pakistan,female,"https://ru.wikipedia.org/wiki/%D0%A5%D0%B0%D0%BD,_%D0%A0%D0%B0%D0%B0%D0%BD%D0%B0_%D0%9B%D0%B8%D0%B0%D0%BA%D0%B0%D1%82_%D0%90%D0%BB%D0%B8"
http://www.wikidata.org/entity/Q1951764,Ra'ana Liaquat Ali Khan,http://www.wikidata.org/entity/Q843,Pakistan,female,https://uk.wikipedia.org/wiki/%D0%A0%D0%B0%D0%B0%D0%BD%D0%B0_%D0%9B%D1%96%D0%B0%D0%BA%D0%B0%D1%82_%D0%90%D0%BB%D1%96_%D0%A5%D0%B0%D0%BD
http://www.wikidata.org/entity/Q1951764,Ra'ana Liaquat Ali Khan,http://www.wikidata.org/entity/Q843,Pakistan,female,https://bn.wikipedia.org/wiki/%E0%A6%B0%E0%A6%BE%27%E0%A6%A8%E0%A6%BE_%E0%A6%B2%E0%A6%BF%E0%A6%AF%E0%A6%BC%E0%A6%BE%E0%A6%95%E0%A6%A4_%E0%A6%86%E0%A6%B2%E0%A6%BF_%E0%A6%96%E0%A6%BE%E0%A6%A8
http://www.wikidata.org/entity/Q1951764,Ra'ana Liaquat Ali Khan,http://www.wikidata.org/entity/Q843,Pakistan,female,https://sd.wikipedia.org/wiki/%D8%B1%D8%B9%D9%86%D8%A7_%D9%84%D9%8A%D8%A7%D9%82%D8%AA_%D8%B9%D9%84%D9%8A_%D8%AE%D8%A7%D9%86
http://www.wikidata.org/entity/Q1951764,Ra'ana Liaquat Ali Khan,http://www.wikidata.org/entity/Q843,Pakistan,female,https://arz.wikipedia.org/wiki/%D8%B1%D8%A7%D8%A7%D9%86%D8%A7_%D9%84%D9%8A%D8%A7%D9%83%D9%88%D8%A7%D8%AA_%D8%A7%D9%84%D9%89_%D8%AE%D8%A7%D9%86
http://www.wikidata.org/entity/Q1951764,Ra'ana Liaquat Ali Khan,http://www.wikidata.org/entity/Q843,Pakistan,female,https://cy.wikipedia.org/wiki/Ra%27ana_Liaquat_Ali_Khan
http://www.wikidata.org/entity/Q1951764,Ra'ana Liaquat Ali Khan,http://www.wikidata.org/entity/Q843,Pakistan,female,https://de.wikipedia.org/wiki/Ra%E2%80%99ana_Liaquat_Ali_Khan
http://www.wikidata.org/entity/Q1951764,Ra'ana Liaquat Ali Khan,http://www.wikidata.org/entity/Q843,Pakistan,female,https://fa.wikipedia.org/wiki/%D8%B1%D8%B9%D9%86%D8%A7_%D9%84%DB%8C%D8%A7%D9%82%D8%AA_%D8%B9%D9%84%DB%8C_%D8%AE%D8%A7%D9%86
http://www.wikidata.org/entity/Q1951764,Ra'ana Liaquat Ali Khan,http://www.wikidata.org/entity/Q843,Pakistan,female,https://fr.wikipedia.org/wiki/Ra%27ana_Liaquat_Ali_Khan
http://www.wikidata.org/entity/Q1951764,Ra'ana Liaquat Ali Khan,http://www.wikidata.org/entity/Q843,Pakistan,female,https://hi.wikipedia.org/wiki/%E0%A4%B0%E0%A4%BE%E0%A4%A8%E0%A4%BE_%E0%A4%B2%E0%A4%BF%E0%A4%AF%E0%A4%BE%E0%A4%95%E0%A4%BC%E0%A4%A4_%E0%A4%85%E0%A4%B2%E0%A5%80_%E0%A4%96%E0%A4%BC%E0%A4%BE%E0%A4%A8
http://www.wikidata.org/entity/Q1951764,Ra'ana Liaquat Ali Khan,http://www.wikidata.org/entity/Q843,Pakistan,female,https://it.wikipedia.org/wiki/Ra%27ana_Liaquat_Ali_Khan
http://www.wikidata.org/entity/Q1951764,Ra'ana Liaquat Ali Khan,http://www.wikidata.org/entity/Q843,Pakistan,female,https://ka.wikipedia.org/wiki/%E1%83%A0%E1%83%90%E1%83%90%E1%83%9C%E1%83%90_%E1%83%9A%E1%83%98%E1%83%90%E1%83%A5%E1%83%90%E1%83%97_%E1%83%90%E1%83%9A%E1%83%98_%E1%83%AE%E1%83%90%E1%83%9C%E1%83%98
http://www.wikidata.org/entity/Q1951764,Ra'ana Liaquat Ali Khan,http://www.wikidata.org/entity/Q843,Pakistan,female,https://ml.wikipedia.org/wiki/%E0%B4%B1%E0%B4%BE%E0%B4%A3_%E0%B4%B2%E0%B4%BF%E0%B4%AF%E0%B4%BE%E0%B4%95%E0%B5%8D%E0%B4%95%E0%B4%A4%E0%B5%8D%E0%B4%A4%E0%B5%8D_%E0%B4%85%E0%B4%B2%E0%B4%BF_%E0%B4%96%E0%B4%BE%E0%B5%BB
http://www.wikidata.org/entity/Q1951764,Ra'ana Liaquat Ali Khan,http://www.wikidata.org/entity/Q843,Pakistan,female,https://ne.wikipedia.org/wiki/%E0%A4%B0%E0%A4%86%E0%A4%A8%E0%A4%BE_%E0%A4%B2%E0%A4%BF%E0%A4%AF%E0%A4%BE%E0%A4%95%E0%A4%A4_%E0%A4%85%E0%A4%B2%E0%A5%80_%E0%A4%96%E0%A4%BE%E0%A4%A8
http://www.wikidata.org/entity/Q1951764,Ra'ana Liaquat Ali Khan,http://www.wikidata.org/entity/Q843,Pakistan,female,https://nl.wikipedia.org/wiki/Begum_Ra%27ana_Liaquat_Ali_Khan
http://www.wikidata.org/entity/Q1951764,Ra'ana Liaquat Ali Khan,http://www.wikidata.org/entity/Q843,Pakistan,female,https://no.wikipedia.org/wiki/Ra%E2%80%99ana_Liaquat_Ali_Khan
http://www.wikidata.org/entity/Q1951764,Ra'ana Liaquat Ali Khan,http://www.wikidata.org/entity/Q843,Pakistan,female,https://pnb.wikipedia.org/wiki/%D8%A8%DB%8C%DA%AF%D9%85_%D8%B1%D8%B9%D9%86%D8%A7_%D9%84%DB%8C%D8%A7%D9%82%D8%AA_%D8%B9%D9%84%DB%8C
http://www.wikidata.org/entity/Q1951764,Ra'ana Liaquat Ali Khan,http://www.wikidata.org/entity/Q843,Pakistan,female,https://ta.wikipedia.org/wiki/%E0%AE%B0%E0%AE%BE%E0%AE%A9%E0%AE%BE_%E0%AE%B2%E0%AE%BF%E0%AE%AF%E0%AE%BE%E0%AE%95%E0%AE%A4%E0%AF%8D_%E0%AE%85%E0%AE%B2%E0%AE%BF_%E0%AE%95%E0%AE%BE%E0%AE%A9%E0%AF%8D
http://www.wikidata.org/entity/Q1951764,Ra'ana Liaquat Ali Khan,http://www.wikidata.org/entity/Q843,Pakistan,female,https://te.wikipedia.org/wiki/%E0%B0%B0%E0%B0%BE%E0%B0%A3%E0%B0%BE_%E0%B0%B2%E0%B0%BF%E0%B0%AF%E0%B0%BE%E0%B0%95%E0%B0%A4%E0%B1%8D_%E0%B0%85%E0%B0%B2%E0%B1%80_%E0%B0%96%E0%B0%BE%E0%B0%A8%E0%B1%8D
http://www.wikidata.org/entity/Q1951764,Ra'ana Liaquat Ali Khan,http://www.wikidata.org/entity/Q843,Pakistan,female,https://ur.wikipedia.org/wiki/%D8%B1%D8%B9%D9%86%D8%A7_%D9%84%DB%8C%D8%A7%D9%82%D8%AA_%D8%B9%D9%84%DB%8C_%D8%AE%D8%A7%D9%86
http://www.wikidata.org/entity/Q1951764,Ra'ana Liaquat Ali Khan,http://www.wikidata.org/entity/Q843,Pakistan,female,https://zh.wikipedia.org/wiki/%E6%8B%89%E5%A8%9C%C2%B7%E5%88%A9%E9%9B%85%E5%8D%A1%E7%89%B9%C2%B7%E9%98%BF%E9%87%8C%C2%B7%E6%B1%97
http://www.wikidata.org/entity/Q1951764,Ra'ana Liaquat Ali Khan,http://www.wikidata.org/entity/Q843,Pakistan,female,https://skr.wikipedia.org/wiki/%D8%B1%D8%B9%D9%86%D8%A7_%D9%84%DB%8C%D8%A7%D9%82%D8%AA_%D8%B9%D9%84%DB%8C_%D8%AE%D8%A7%D9%86
http://www.wikidata.org/entity/Q3143161,Humayun Azad,http://www.wikidata.org/entity/Q843,Pakistan,male,https://en.wikipedia.org/wiki/Humayun_Azad
http://www.wikidata.org/entity/Q3143161,Humayun Azad,http://www.wikidata.org/entity/Q843,Pakistan,male,https://bn.wikipedia.org/wiki/%E0%A6%B9%E0%A7%81%E0%A6%AE%E0%A6%BE%E0%A6%AF%E0%A6%BC%E0%A7%81%E0%A6%A8_%E0%A6%86%E0%A6%9C%E0%A6%BE%E0%A6%A6
http://www.wikidata.org/entity/Q3143161,Humayun Azad,http://www.wikidata.org/entity/Q843,Pakistan,male,https://arz.wikipedia.org/wiki/%D9%87%D9%88%D9%85%D8%A7%D9%8A%D9%88%D9%86_%D8%A7%D8%B2%D8%A7%D8%AF
http://www.wikidata.org/entity/Q3143161,Humayun Azad,http://www.wikidata.org/entity/Q843,Pakistan,male,https://as.wikipedia.org/wiki/%E0%A6%B9%E0%A7%81%E0%A6%AE%E0%A6%BE%E0%A6%AF%E0%A6%BC%E0%A7%81%E0%A6%A8_%E0%A6%86%E0%A6%9C%E0%A6%BE%E0%A6%A6
http://www.wikidata.org/entity/Q3143161,Humayun Azad,http://www.wikidata.org/entity/Q843,Pakistan,male,https://de.wikipedia.org/wiki/Humayun_Azad
http://www.wikidata.org/entity/Q3143161,Humayun Azad,http://www.wikidata.org/entity/Q843,Pakistan,male,https://eo.wikipedia.org/wiki/Humayun_Azad
http://www.wikidata.org/entity/Q3143161,Humayun Azad,http://www.wikidata.org/entity/Q843,Pakistan,male,https://es.wikipedia.org/wiki/Humayun_Azad
http://www.wikidata.org/entity/Q3143161,Humayun Azad,http://www.wikidata.org/entity/Q843,Pakistan,male,https://fa.wikipedia.org/wiki/%D9%87%D9%85%D8%A7%DB%8C%D9%88%D9%86_%D8%A2%D8%B2%D8%A7%D8%AF
http://www.wikidata.org/entity/Q3143161,Humayun Azad,http://www.wikidata.org/entity/Q843,Pakistan,male,https://fr.wikipedia.org/wiki/Humayun_Azad
http://www.wikidata.org/entity/Q3143161,Humayun Azad,http://www.wikidata.org/entity/Q843,Pakistan,male,https://hi.wikipedia.org/wiki/%E0%A4%B9%E0%A5%81%E0%A4%AE%E0%A4%BE%E0%A4%AF%E0%A5%81%E0%A4%A8_%E0%A4%86%E0%A4%9C%E0%A4%BE%E0%A4%A6
http://www.wikidata.org/entity/Q3143161,Humayun Azad,http://www.wikidata.org/entity/Q843,Pakistan,male,https://ne.wikipedia.org/wiki/%E0%A4%B9%E0%A5%81%E0%A4%AE%E0%A4%BE%E0%A4%AF%E0%A5%81%E0%A4%A8_%E0%A4%86%E0%A4%9C%E0%A4%BE%E0%A4%A6
http://www.wikidata.org/entity/Q3143161,Humayun Azad,http://www.wikidata.org/entity/Q843,Pakistan,male,https://te.wikipedia.org/wiki/%E0%B0%B9%E0%B1%81%E0%B0%AE%E0%B0%BE%E0%B0%AF%E0%B1%81%E0%B0%A8%E0%B1%8D_%E0%B0%86%E0%B0%9C%E0%B0%BE%E0%B0%A6%E0%B1%8D
http://www.wikidata.org/entity/Q3335135,Ferdose Sultana,http://www.wikidata.org/entity/Q843,Pakistan,female,https://pa.wikipedia.org/wiki/%E0%A8%AB%E0%A8%BF%E0%A8%B0%E0%A8%A6%E0%A9%8C%E0%A8%B8_%E0%A8%B8%E0%A9%81%E0%A8%B2%E0%A8%A4%E0%A8%BE%E0%A8%A8%E0%A8%BE
http://www.wikidata.org/entity/Q3350424,Muhammad Shahidullah,http://www.wikidata.org/entity/Q843,Pakistan,male,https://ar.wikipedia.org/wiki/%D9%85%D8%AD%D9%85%D8%AF_%D8%B4%D9%87%D9%8A%D8%AF_%D8%A7%D9%84%D9%84%D9%87
http://www.wikidata.org/entity/Q3350424,Muhammad Shahidullah,http://www.wikidata.org/entity/Q843,Pakistan,male,https://en.wikipedia.org/wiki/Muhammad_Shahidullah
http://www.wikidata.org/entity/Q3350424,Muhammad Shahidullah,http://www.wikidata.org/entity/Q843,Pakistan,male,https://bn.wikipedia.org/wiki/%E0%A6%AE%E0%A7%81%E0%A6%B9%E0%A6%AE%E0%A7%8D%E0%A6%AE%E0%A6%A6_%E0%A6%B6%E0%A6%B9%E0%A7%80%E0%A6%A6%E0%A7%81%E0%A6%B2%E0%A7%8D%E0%A6%B2%E0%A6%BE%E0%A6%B9
http://www.wikidata.org/entity/Q3350424,Muhammad Shahidullah,http://www.wikidata.org/entity/Q843,Pakistan,male,https://de.wikipedia.org/wiki/Muhammad_Shahidullah
http://www.wikidata.org/entity/Q3350424,Muhammad Shahidullah,http://www.wikidata.org/entity/Q843,Pakistan,male,https://id.wikipedia.org/wiki/Muhammad_Shahidullah
http://www.wikidata.org/entity/Q3350424,Muhammad Shahidullah,http://www.wikidata.org/entity/Q843,Pakistan,male,https://ta.wikipedia.org/wiki/%E0%AE%AE%E0%AF%81%E0%AE%95%E0%AE%AE%E0%AF%8D%E0%AE%AE%E0%AE%A4%E0%AF%81_%E0%AE%9A%E0%AE%BE%E0%AE%95%E0%AE%BF%E0%AE%A4%E0%AF%81%E0%AE%B2%E0%AF%8D%E0%AE%B2%E0%AE%BE
http://www.wikidata.org/entity/Q3350424,Muhammad Shahidullah,http://www.wikidata.org/entity/Q843,Pakistan,male,https://ur.wikipedia.org/wiki/%D9%85%D8%AD%D9%85%D8%AF_%D8%B4%D8%A7%DB%81%D8%AF_%D8%A7%D9%84%D9%84%DB%81
http://www.wikidata.org/entity/Q3634556,Qalandar Momand,http://www.wikidata.org/entity/Q843,Pakistan,male,https://ps.wikipedia.org/wiki/%D9%82%D9%84%D9%86%D8%AF%D8%B1_%D9%85%D9%88%D9%85%D9%86%D8%AF
http://www.wikidata.org/entity/Q3634556,Qalandar Momand,http://www.wikidata.org/entity/Q843,Pakistan,male,https://en.wikipedia.org/wiki/Qalandar_Momand
http://www.wikidata.org/entity/Q3634556,Qalandar Momand,http://www.wikidata.org/entity/Q843,Pakistan,male,https://hi.wikipedia.org/wiki/%E0%A4%95%E0%A4%BC%E0%A4%B2%E0%A4%A8%E0%A5%8D%E0%A4%A6%E0%A4%B0_%E0%A4%AE%E0%A5%8B%E0%A4%AE%E0%A4%82%E0%A4%A6
http://www.wikidata.org/entity/Q3634556,Qalandar Momand,http://www.wikidata.org/entity/Q843,Pakistan,male,https://pa.wikipedia.org/wiki/%E0%A8%95%E0%A8%B2%E0%A9%B0%E0%A8%A6%E0%A8%B0_%E0%A8%AE%E0%A9%8B%E0%A8%AE%E0%A9%B0%E0%A8%A6
http://www.wikidata.org/entity/Q3634556,Qalandar Momand,http://www.wikidata.org/entity/Q843,Pakistan,male,https://ur.wikipedia.org/wiki/%D9%82%D9%84%D9%86%D8%AF%D8%B1_%D9%85%D9%88%D9%85%D9%86%D8%AF
http://www.wikidata.org/entity/Q4377359,Kazi M Badruddoza,http://www.wikidata.org/entity/Q843,Pakistan,male,https://en.wikipedia.org/wiki/Kazi_M._Badruddoza
http://www.wikidata.org/entity/Q4377359,Kazi M Badruddoza,http://www.wikidata.org/entity/Q843,Pakistan,male,https://bn.wikipedia.org/wiki/%E0%A6%95%E0%A6%BE%E0%A6%9C%E0%A7%80_%E0%A6%8F%E0%A6%AE_%E0%A6%AC%E0%A6%A6%E0%A6%B0%E0%A7%81%E0%A6%A6%E0%A7%8D%E0%A6%A6%E0%A7%8B%E0%A6%9C%E0%A6%BE
http://www.wikidata.org/entity/Q4377359,Kazi M Badruddoza,http://www.wikidata.org/entity/Q843,Pakistan,male,https://ta.wikipedia.org/wiki/%E0%AE%95%E0%AE%BE%E0%AE%9A%E0%AE%BF_%E0%AE%8E%E0%AE%AE%E0%AF%8D_%E0%AE%AA%E0%AE%A4%E0%AF%81%E0%AE%B0%E0%AF%81%E0%AE%A4%E0%AF%8D%E0%AE%A4%E0%AF%8B%E0%AE%9A%E0%AE%BE
http://www.wikidata.org/entity/Q4648274,A. Q. M. Bazlul Karim,http://www.wikidata.org/entity/Q843,Pakistan,male,https://en.wikipedia.org/wiki/A._Q._M._Bazlul_Karim
http://www.wikidata.org/entity/Q4648274,A. Q. M. Bazlul Karim,http://www.wikidata.org/entity/Q843,Pakistan,male,https://bn.wikipedia.org/wiki/%E0%A6%8F._%E0%A6%95%E0%A6%BF%E0%A6%89._%E0%A6%8F%E0%A6%AE._%E0%A6%AC%E0%A6%9C%E0%A6%B2%E0%A7%81%E0%A6%B2_%E0%A6%95%E0%A6%B0%E0%A6%BF%E0%A6%AE
http://www.wikidata.org/entity/Q4655288,A A Mamun,http://www.wikidata.org/entity/Q843,Pakistan,male,https://en.wikipedia.org/wiki/A._A._Mamun
http://www.wikidata.org/entity/Q4655288,A A Mamun,http://www.wikidata.org/entity/Q843,Pakistan,male,https://bn.wikipedia.org/wiki/%E0%A6%86%E0%A6%AC%E0%A7%8D%E0%A6%A6%E0%A7%81%E0%A6%B2%E0%A7%8D%E0%A6%B2%E0%A6%BE%E0%A6%B9_%E0%A6%86%E0%A6%B2_%E0%A6%AE%E0%A6%BE%E0%A6%AE%E0%A7%81%E0%A6%A8_(%E0%A6%AC%E0%A6%BF%E0%A6%9C%E0%A7%8D%E0%A6%9E%E0%A6%BE%E0%A6%A8%E0%A7%80)
http://www.wikidata.org/entity/Q4789146,Arfana Mallah,http://www.wikidata.org/entity/Q843,Pakistan,female,https://en.wikipedia.org/wiki/Arfana_Mallah
http://www.wikidata.org/entity/Q4789146,Arfana Mallah,http://www.wikidata.org/entity/Q843,Pakistan,female,https://bn.wikipedia.org/wiki/%E0%A6%86%E0%A6%B0%E0%A6%AB%E0%A6%BE%E0%A6%A8%E0%A6%BE_%E0%A6%AE%E0%A6%B2%E0%A7%8D%E0%A6%B2%E0%A6%BE
http://www.wikidata.org/entity/Q4789146,Arfana Mallah,http://www.wikidata.org/entity/Q843,Pakistan,female,https://sd.wikipedia.org/wiki/%D8%B9%D8%B1%D9%81%D8%A7%D9%86%D9%87_%D9%85%D9%84%D8%A7%D8%AD
http://www.wikidata.org/entity/Q4789146,Arfana Mallah,http://www.wikidata.org/entity/Q843,Pakistan,female,https://pa.wikipedia.org/wiki/%E0%A8%85%E0%A8%B0%E0%A8%AB%E0%A8%BC%E0%A8%BE%E0%A8%A8%E0%A8%BE_%E0%A8%AE%E0%A9%B1%E0%A8%B2%E0%A8%BE%E0%A8%B9
http://www.wikidata.org/entity/Q4789146,Arfana Mallah,http://www.wikidata.org/entity/Q843,Pakistan,female,https://pnb.wikipedia.org/wiki/%D8%B9%D8%B1%D9%81%D8%A7%D9%86%DB%81_%D9%85%D9%84%D8%A7%D8%AD
http://www.wikidata.org/entity/Q4789146,Arfana Mallah,http://www.wikidata.org/entity/Q843,Pakistan,female,https://ta.wikipedia.org/wiki/%E0%AE%85%E0%AE%B0%E0%AF%8D%E0%AE%83%E0%AE%AA%E0%AE%BE%E0%AE%A9%E0%AE%BE_%E0%AE%AE%E0%AE%B2%E0%AF%8D%E0%AE%B2%E0%AE%BE
http://www.wikidata.org/entity/Q4789146,Arfana Mallah,http://www.wikidata.org/entity/Q843,Pakistan,female,https://ur.wikipedia.org/wiki/%D8%B9%D8%B1%D9%81%D8%A7%D9%86%DB%81_%D9%85%D9%84%D8%A7%D8%AD
http://www.wikidata.org/entity/Q4789146,Arfana Mallah,http://www.wikidata.org/entity/Q843,Pakistan,female,https://skr.wikipedia.org/wiki/%D8%B9%D8%B1%D9%81%D8%A7%D9%86%DB%81_%D9%85%D9%84%D8%A7%D8%AD
http://www.wikidata.org/entity/Q4804943,Ashfaq Hussain,http://www.wikidata.org/entity/Q843,Pakistan,male,https://en.wikipedia.org/wiki/Ashfaq_Hussain
http://www.wikidata.org/entity/Q4804943,Ashfaq Hussain,http://www.wikidata.org/entity/Q843,Pakistan,male,https://pa.wikipedia.org/wiki/%E0%A8%85%E0%A8%B8%E0%A8%BC%E0%A8%AB%E0%A8%BE%E0%A8%95_%E0%A8%B9%E0%A9%81%E0%A8%B8%E0%A9%88%E0%A8%A8
http://www.wikidata.org/entity/Q4804943,Ashfaq Hussain,http://www.wikidata.org/entity/Q843,Pakistan,male,https://ur.wikipedia.org/wiki/%D8%A7%D8%B4%D9%81%D8%A7%D9%82_%D8%AD%D8%B3%DB%8C%D9%86
http://www.wikidata.org/entity/Q4934689,Shirin Akiner,http://www.wikidata.org/entity/Q843,Pakistan,female,https://en.wikipedia.org/wiki/Shirin_Akiner
http://www.wikidata.org/entity/Q4934689,Shirin Akiner,http://www.wikidata.org/entity/Q843,Pakistan,female,https://arz.wikipedia.org/wiki/%D8%B4%D9%8A%D8%B1%D9%8A%D9%86_%D8%A7%D9%83%D9%8A%D9%86%D8%B1
http://www.wikidata.org/entity/Q4934689,Shirin Akiner,http://www.wikidata.org/entity/Q843,Pakistan,female,https://be-tarask.wikipedia.org/wiki/%D0%A8%D1%8B%D1%80%D1%8B%D0%BD_%D0%90%D0%BA%D1%96%D0%BD%D1%8D%D1%80
http://www.wikidata.org/entity/Q4934689,Shirin Akiner,http://www.wikidata.org/entity/Q843,Pakistan,female,https://be.wikipedia.org/wiki/%D0%A8%D1%8B%D1%80%D1%8B%D0%BD_%D0%90%D0%BA%D1%96%D0%BD%D1%8D%D1%80
http://www.wikidata.org/entity/Q4934689,Shirin Akiner,http://www.wikidata.org/entity/Q843,Pakistan,female,https://eu.wikipedia.org/wiki/Shirin_Akiner
http://www.wikidata.org/entity/Q4934689,Shirin Akiner,http://www.wikidata.org/entity/Q843,Pakistan,female,https://sv.wikipedia.org/wiki/Shirin_Akiner
http://www.wikidata.org/entity/Q6127893,Jameel Jalibi,http://www.wikidata.org/entity/Q843,Pakistan,male,https://en.wikipedia.org/wiki/Jamil_Jalibi
http://www.wikidata.org/entity/Q6127893,Jameel Jalibi,http://www.wikidata.org/entity/Q843,Pakistan,male,https://es.wikipedia.org/wiki/Jameel_Jalibi
http://www.wikidata.org/entity/Q6127893,Jameel Jalibi,http://www.wikidata.org/entity/Q843,Pakistan,male,https://pa.wikipedia.org/wiki/%E0%A8%9C%E0%A8%AE%E0%A9%80%E0%A8%B2_%E0%A8%9C%E0%A8%B2%E0%A9%80%E0%A8%AC%E0%A9%80
http://www.wikidata.org/entity/Q6127893,Jameel Jalibi,http://www.wikidata.org/entity/Q843,Pakistan,male,https://pnb.wikipedia.org/wiki/%D8%AC%D9%85%DB%8C%D9%84_%D8%AC%D8%A7%D9%84%D8%A8%DB%8C
http://www.wikidata.org/entity/Q6127893,Jameel Jalibi,http://www.wikidata.org/entity/Q843,Pakistan,male,https://simple.wikipedia.org/wiki/Jameel_Jalibi
http://www.wikidata.org/entity/Q6127893,Jameel Jalibi,http://www.wikidata.org/entity/Q843,Pakistan,male,https://tr.wikipedia.org/wiki/Cemil_Calibi
http://www.wikidata.org/entity/Q6127893,Jameel Jalibi,http://www.wikidata.org/entity/Q843,Pakistan,male,https://ur.wikipedia.org/wiki/%D8%AC%D9%85%DB%8C%D9%84_%D8%AC%D8%A7%D9%84%D8%A8%DB%8C
http://www.wikidata.org/entity/Q6811511,Ehtisham ul Haq Thanvi,http://www.wikidata.org/entity/Q843,Pakistan,male,https://ar.wikipedia.org/wiki/%D8%A7%D8%AD%D8%AA%D8%B4%D8%A7%D9%85_%D8%A7%D9%84%D8%AD%D9%82_%D8%AB%D8%A7%D9%86%D9%81%D9%8A
http://www.wikidata.org/entity/Q6811511,Ehtisham ul Haq Thanvi,http://www.wikidata.org/entity/Q843,Pakistan,male,https://en.wikipedia.org/wiki/Ehtisham_ul_Haq_Thanvi
http://www.wikidata.org/entity/Q6811511,Ehtisham ul Haq Thanvi,http://www.wikidata.org/entity/Q843,Pakistan,male,https://bn.wikipedia.org/wiki/%E0%A6%87%E0%A6%B9%E0%A6%A4%E0%A6%BF%E0%A6%B6%E0%A6%BE%E0%A6%AE%E0%A7%81%E0%A6%B2_%E0%A6%B9%E0%A6%95_%E0%A6%A5%E0%A6%BE%E0%A6%A8%E0%A6%AD%E0%A6%BF
http://www.wikidata.org/entity/Q6811511,Ehtisham ul Haq Thanvi,http://www.wikidata.org/entity/Q843,Pakistan,male,https://sd.wikipedia.org/wiki/%D9%85%D9%88%D9%84%D8%A7%D9%86%D8%A7_%D8%A7%D8%AD%D8%AA%D8%B4%D8%A7%D9%85_%D8%A7%D9%84%D8%AD%D9%82_%D9%BF%D8%A7%D9%86%D9%88%D9%8A
http://www.wikidata.org/entity/Q6811511,Ehtisham ul Haq Thanvi,http://www.wikidata.org/entity/Q843,Pakistan,male,https://ur.wikipedia.org/wiki/%D8%A7%D8%AD%D8%AA%D8%B4%D8%A7%D9%85_%D8%A7%D9%84%D8%AD%D9%82_%D8%AA%DA%BE%D8%A7%D9%86%D9%88%DB%8C
http://www.wikidata.org/entity/Q6811511,Ehtisham ul Haq Thanvi,http://www.wikidata.org/entity/Q843,Pakistan,male,https://skr.wikipedia.org/wiki/%D8%A7%D8%AD%D8%AA%D8%B4%D8%A7%D9%85_%D8%A7%D9%84%D8%AD%D9%82_%D8%AA%DA%BE%D8%A7%D9%86%D9%88%DB%8C
http://www.wikidata.org/entity/Q6811573,Muhammad Ishaq Madni,http://www.wikidata.org/entity/Q843,Pakistan,male,https://ar.wikipedia.org/wiki/%D9%85%D8%AD%D9%85%D8%AF_%D8%A5%D8%B3%D8%AD%D8%A7%D9%82_%D8%A7%D9%84%D9%85%D8%AF%D9%86%D9%8A
http://www.wikidata.org/entity/Q6811573,Muhammad Ishaq Madni,http://www.wikidata.org/entity/Q843,Pakistan,male,https://bn.wikipedia.org/wiki/%E0%A6%AE%E0%A7%81%E0%A6%B9%E0%A6%BE%E0%A6%AE%E0%A7%8D%E0%A6%AE%E0%A6%A6_%E0%A6%87%E0%A6%B8%E0%A6%B9%E0%A6%BE%E0%A6%95_%E0%A6%AE%E0%A6%BE%E0%A6%A6%E0%A6%A8%E0%A6%BF
http://www.wikidata.org/entity/Q6811573,Muhammad Ishaq Madni,http://www.wikidata.org/entity/Q843,Pakistan,male,https://pnb.wikipedia.org/wiki/%D9%85%D8%AD%D9%85%D8%AF_%D8%A7%D8%B3%D8%AD%D8%A7%D9%82_%D9%85%D8%AF%D9%86%DB%8C
http://www.wikidata.org/entity/Q6811573,Muhammad Ishaq Madni,http://www.wikidata.org/entity/Q843,Pakistan,male,https://ur.wikipedia.org/wiki/%D9%85%D8%AD%D9%85%D8%AF_%D8%A7%D8%B3%D8%AD%D8%A7%D9%82_(%D8%B9%D8%A7%D9%84%D9%85)
http://www.wikidata.org/entity/Q6837594,Q6837594,http://www.wikidata.org/entity/Q843,Pakistan,male,https://pnb.wikipedia.org/wiki/%D9%85%D8%B1%D8%B2%D8%A7_%D8%AD%D8%A7%D9%85%D8%AF_%D8%A8%DB%8C%DA%AF
http://www.wikidata.org/entity/Q6837594,Q6837594,http://www.wikidata.org/entity/Q843,Pakistan,male,https://ur.wikipedia.org/wiki/%D9%85%D8%B1%D8%B2%D8%A7_%D8%AD%D8%A7%D9%85%D8%AF_%D8%A8%DB%8C%DA%AF
http://www.wikidata.org/entity/Q6932786,Muhammad Yar Khuhawar,http://www.wikidata.org/entity/Q843,Pakistan,male,https://en.wikipedia.org/wiki/Muhammad_Yar_Khuhawar
http://www.wikidata.org/entity/Q64797222,Q64797222,http://www.wikidata.org/entity/Q843,Pakistan,male,https://pnb.wikipedia.org/wiki/%D9%88%D9%81%D8%A7_%D8%B1%D8%A7%D8%B4%D8%AF%DB%8C
http://www.wikidata.org/entity/Q64797222,Q64797222,http://www.wikidata.org/entity/Q843,Pakistan,male,https://ur.wikipedia.org/wiki/%D9%88%D9%81%D8%A7_%D8%B1%D8%A7%D8%B4%D8%AF%DB%8C
http://www.wikidata.org/entity/Q65007559,Tahir Tunsawi,http://www.wikidata.org/entity/Q843,Pakistan,male,https://pnb.wikipedia.org/wiki/%D8%B7%D8%A7%DB%81%D8%B1_%D8%AA%D9%88%D9%86%D8%B3%D9%88%DB%8C
http://www.wikidata.org/entity/Q65007559,Tahir Tunsawi,http://www.wikidata.org/entity/Q843,Pakistan,male,https://ur.wikipedia.org/wiki/%D8%B7%D8%A7%DB%81%D8%B1_%D8%AA%D9%88%D9%86%D8%B3%D9%88%DB%8C
http://www.wikidata.org/entity/Q65117038,Khizar Naushahi,http://www.wikidata.org/entity/Q843,Pakistan,male,https://pnb.wikipedia.org/wiki/%D8%AE%D8%B6%D8%B1_%D9%86%D9%88%D8%B4%D8%A7%DB%81%DB%8C
http://www.wikidata.org/entity/Q65117038,Khizar Naushahi,http://www.wikidata.org/entity/Q843,Pakistan,male,https://ur.wikipedia.org/wiki/%D8%AE%D8%B6%D8%B1_%D9%86%D9%88%D8%B4%D8%A7%DB%81%DB%8C
http://www.wikidata.org/entity/Q65231561,Rafiuddin Hashmi,http://www.wikidata.org/entity/Q843,Pakistan,male,https://en.wikipedia.org/wiki/Rafiuddin_Hashmi
http://www.wikidata.org/entity/Q65231561,Rafiuddin Hashmi,http://www.wikidata.org/entity/Q843,Pakistan,male,https://pnb.wikipedia.org/wiki/%D8%B1%D9%81%DB%8C%D8%B9_%D8%A7%D9%84%D8%AF%DB%8C%D9%86_%DB%81%D8%A7%D8%B4%D9%85%DB%8C
http://www.wikidata.org/entity/Q65231561,Rafiuddin Hashmi,http://www.wikidata.org/entity/Q843,Pakistan,male,https://ur.wikipedia.org/wiki/%D8%B1%D9%81%DB%8C%D8%B9_%D8%A7%D9%84%D8%AF%DB%8C%D9%86_%DB%81%D8%A7%D8%B4%D9%85%DB%8C
http://www.wikidata.org/entity/Q65278540,Muhammad Sarfaraz Khan Safdar,http://www.wikidata.org/entity/Q843,Pakistan,male,https://ps.wikipedia.org/wiki/%D9%85%D8%AD%D9%85%D8%AF_%D8%B3%D8%B1%D9%81%D8%B1%D8%A7%D8%B2_%D8%AE%D8%A7%D9%86_%D8%B5%D9%81%D8%AF%D8%B1
http://www.wikidata.org/entity/Q65278540,Muhammad Sarfaraz Khan Safdar,http://www.wikidata.org/entity/Q843,Pakistan,male,https://en.wikipedia.org/wiki/Muhammad_Sarfaraz_Khan_Safdar
http://www.wikidata.org/entity/Q65278540,Muhammad Sarfaraz Khan Safdar,http://www.wikidata.org/entity/Q843,Pakistan,male,https://bn.wikipedia.org/wiki/%E0%A6%B8%E0%A6%B0%E0%A6%AB%E0%A6%B0%E0%A6%BE%E0%A6%9C_%E0%A6%96%E0%A6%BE%E0%A6%A8_%E0%A6%B8%E0%A6%AB%E0%A6%A6%E0%A6%BE%E0%A6%B0
http://www.wikidata.org/entity/Q65278540,Muhammad Sarfaraz Khan Safdar,http://www.wikidata.org/entity/Q843,Pakistan,male,https://hi.wikipedia.org/wiki/%E0%A4%AE%E0%A5%81%E0%A4%B9%E0%A4%AE%E0%A5%8D%E0%A4%AE%E0%A4%A6_%E0%A4%B8%E0%A4%B0%E0%A4%AB%E0%A4%B0%E0%A4%BE%E0%A4%9C_%E0%A4%96%E0%A4%BE%E0%A4%A8_%E0%A4%B8%E0%A4%AB%E0%A4%A6%E0%A4%B0
http://www.wikidata.org/entity/Q65278540,Muhammad Sarfaraz Khan Safdar,http://www.wikidata.org/entity/Q843,Pakistan,male,https://pnb.wikipedia.org/wiki/%D9%85%D8%AD%D9%85%D8%AF_%D8%B3%D8%B1%D9%81%D8%B1%D8%A7%D8%B2_%D8%AE%D8%A7%D9%86_%D8%B5%D9%81%D8%AF%D8%B1
http://www.wikidata.org/entity/Q65278540,Muhammad Sarfaraz Khan Safdar,http://www.wikidata.org/entity/Q843,Pakistan,male,https://ur.wikipedia.org/wiki/%D9%85%D8%AD%D9%85%D8%AF_%D8%B3%D8%B1%D9%81%D8%B1%D8%A7%D8%B2_%D8%AE%D8%A7%D9%86_%D8%B5%D9%81%D8%AF%D8%B1
http://www.wikidata.org/entity/Q65278540,Muhammad Sarfaraz Khan Safdar,http://www.wikidata.org/entity/Q843,Pakistan,male,https://ks.wikipedia.org/wiki/%D9%85%D8%AD%D9%85%D8%AF_%D8%B3%D8%B1%D9%81%D8%B1%D8%A7%D8%B2_%D8%AE%D8%A7%D9%86_%D8%B5%D9%81%D8%AF%D8%B1
http://www.wikidata.org/entity/Q65278540,Muhammad Sarfaraz Khan Safdar,http://www.wikidata.org/entity/Q843,Pakistan,male,https://skr.wikipedia.org/wiki/%D9%85%D8%AD%D9%85%D8%AF_%D8%B3%D8%B1%D9%81%D8%B1%D8%A7%D8%B2_%D8%AE%D8%A7%D9%86_%D8%B5%D9%81%D8%AF%D8%B1
http://www.wikidata.org/entity/Q65420465,Q65420465,http://www.wikidata.org/entity/Q843,Pakistan,male,https://sd.wikipedia.org/wiki/%D8%A7%D8%AD%D8%B3%D8%A7%D9%86_%D8%AF%D8%A7%D9%86%D8%B4
http://www.wikidata.org/entity/Q65420465,Q65420465,http://www.wikidata.org/entity/Q843,Pakistan,male,https://ur.wikipedia.org/wiki/%D8%A7%D8%AD%D8%B3%D8%A7%D9%86_%D8%AF%D8%A7%D9%86%D8%B4_(%D8%B3%D9%86%D8%AF%DA%BE%DB%8C_%D8%B4%D8%A7%D8%B9%D8%B1)
http://www.wikidata.org/entity/Q65582272,Abdul Jabbar Shakir,http://www.wikidata.org/entity/Q843,Pakistan,male,https://ur.wikipedia.org/wiki/%D8%B9%D8%A8%D8%AF_%D8%A7%D9%84%D8%AC%D8%A8%D8%A7%D8%B1_%D8%B4%D8%A7%DA%A9%D8%B1
http://www.wikidata.org/entity/Q65681134,Mazhar Mehmood Sherani,http://www.wikidata.org/entity/Q843,Pakistan,male,https://ur.wikipedia.org/wiki/%D9%85%D8%B8%DB%81%D8%B1_%D9%85%D8%AD%D9%85%D9%88%D8%AF_%D8%B4%DB%8C%D8%B1%D8%A7%D9%86%DB%8C
http://www.wikidata.org/entity/Q70510725,Muhammad Mohiuddin,http://www.wikidata.org/entity/Q843,Pakistan,male,https://ur.wikipedia.org/wiki/%D9%85%D9%86%D8%B5%D9%88%D8%B1_%D9%85%D8%AD%DB%8C_%D8%A7%D9%84%D8%AF%DB%8C%D9%86
http://www.wikidata.org/entity/Q72273515,Q72273515,http://www.wikidata.org/entity/Q843,Pakistan,male,https://pnb.wikipedia.org/wiki/%D9%88%D8%B2%DB%8C%D8%B1_%D8%A7%D9%84%D8%AD%D8%B3%D9%86_%D8%B9%D8%A7%D8%A8%D8%AF%DB%8C
http://www.wikidata.org/entity/Q72273515,Q72273515,http://www.wikidata.org/entity/Q843,Pakistan,male,https://ur.wikipedia.org/wiki/%D9%88%D8%B2%DB%8C%D8%B1_%D8%A7%D9%84%D8%AD%D8%B3%D9%86_%D8%B9%D8%A7%D8%A8%D8%AF%DB%8C
http://www.wikidata.org/entity/Q72795638,Khawaja Muhammad Zakria,http://www.wikidata.org/entity/Q843,Pakistan,male,https://pnb.wikipedia.org/wiki/%D8%AE%D9%88%D8%A7%D8%AC%DB%81_%D9%85%D8%AD%D9%85%D8%AF_%D8%B2%DA%A9%D8%B1%DB%8C%D8%A7
http://www.wikidata.org/entity/Q72795638,Khawaja Muhammad Zakria,http://www.wikidata.org/entity/Q843,Pakistan,male,https://ur.wikipedia.org/wiki/%D8%AE%D9%88%D8%A7%D8%AC%DB%81_%D9%85%D8%AD%D9%85%D8%AF_%D8%B2%DA%A9%D8%B1%DB%8C%D8%A7
http://www.wikidata.org/entity/Q75068781,Dr. Qibla Ayaz,http://www.wikidata.org/entity/Q843,Pakistan,male,https://ar.wikipedia.org/wiki/%D9%82%D8%A8%D9%84%D8%A9_%D8%A3%D9%8A%D8%A7%D8%B2
http://www.wikidata.org/entity/Q75068781,Dr. Qibla Ayaz,http://www.wikidata.org/entity/Q843,Pakistan,male,https://en.wikipedia.org/wiki/Qibla_Ayaz
http://www.wikidata.org/entity/Q75068781,Dr. Qibla Ayaz,http://www.wikidata.org/entity/Q843,Pakistan,male,https://bn.wikipedia.org/wiki/%E0%A6%95%E0%A6%BF%E0%A6%AC%E0%A6%B2%E0%A6%BE_%E0%A6%86%E0%A6%AF%E0%A6%BC%E0%A6%BE%E0%A6%9C
http://www.wikidata.org/entity/Q75068781,Dr. Qibla Ayaz,http://www.wikidata.org/entity/Q843,Pakistan,male,https://ur.wikipedia.org/wiki/%D9%82%D8%A8%D9%84%DB%81_%D8%A7%DB%8C%D8%A7%D8%B2
http://www.wikidata.org/entity/Q78651219,Anita Zaidi,http://www.wikidata.org/entity/Q843,Pakistan,female,https://en.wikipedia.org/wiki/Anita_Zaidi
http://www.wikidata.org/entity/Q78651219,Anita Zaidi,http://www.wikidata.org/entity/Q843,Pakistan,female,https://pnb.wikipedia.org/wiki/%D8%A7%D9%86%DB%8C%D8%AA%D8%A7_%D8%B2%DB%8C%D8%AF%DB%8C
http://www.wikidata.org/entity/Q78651219,Anita Zaidi,http://www.wikidata.org/entity/Q843,Pakistan,female,https://ur.wikipedia.org/wiki/%D8%A7%D9%86%DB%8C%D8%AA%D8%A7_%D8%B2%DB%8C%D8%AF%DB%8C
http://www.wikidata.org/entity/Q81998105,Q81998105,http://www.wikidata.org/entity/Q843,Pakistan,male,https://ur.wikipedia.org/wiki/%D8%A7%D8%AC%D9%85%D9%84_%D9%86%DB%8C%D8%A7%D8%B2%DB%8C
http://www.wikidata.org/entity/Q85386220,Q85386220,http://www.wikidata.org/entity/Q843,Pakistan,male,https://ur.wikipedia.org/wiki/%D8%B9%D9%84%DB%8C_%DB%8C%D8%A7%D8%B3%D8%B1
http://www.wikidata.org/entity/Q87041176,Yasar Ayaz,http://www.wikidata.org/entity/Q843,Pakistan,male,https://ur.wikipedia.org/wiki/%DB%8C%D8%A7%D8%B3%D8%B1_%D8%A7%DB%8C%D8%A7%D8%B2
http://www.wikidata.org/entity/Q87122128,Q87122128,http://www.wikidata.org/entity/Q843,Pakistan,male,https://pnb.wikipedia.org/wiki/%D8%B1%DB%8C%D8%A7%D8%B6_%D8%A7%D9%84%D8%AF%DB%8C%D9%86_%D8%B9%D8%B7%D8%B4
http://www.wikidata.org/entity/Q87122128,Q87122128,http://www.wikidata.org/entity/Q843,Pakistan,male,https://ur.wikipedia.org/wiki/%D8%B1%DB%8C%D8%A7%D8%B6_%D8%A7%D9%84%D8%AF%DB%8C%D9%86_%D8%B9%D8%B7%D8%B4
http://www.wikidata.org/entity/Q88416015,Talat S Rahman,http://www.wikidata.org/entity/Q843,Pakistan,female,https://en.wikipedia.org/wiki/Talat_Rahman
http://www.wikidata.org/entity/Q88416015,Talat S Rahman,http://www.wikidata.org/entity/Q843,Pakistan,female,https://fa.wikipedia.org/wiki/%D8%B7%D9%84%D8%B9%D8%AA_%D8%B1%D8%AD%D9%85%D8%A7%D9%86
http://www.wikidata.org/entity/Q88416015,Talat S Rahman,http://www.wikidata.org/entity/Q843,Pakistan,female,https://pnb.wikipedia.org/wiki/%D8%B7%D9%84%D8%B9%D8%AA_%D8%B4%DB%81%D9%86%D8%A7%D8%B2_%D8%B1%D8%AD%D9%85%D8%A7%D9%86
http://www.wikidata.org/entity/Q88416015,Talat S Rahman,http://www.wikidata.org/entity/Q843,Pakistan,female,https://ur.wikipedia.org/wiki/%D8%B7%D9%84%D8%B9%D8%AA_%D8%B4%DB%81%D9%86%D8%A7%D8%B2_%D8%B1%D8%AD%D9%85%D8%A7%D9%86
http://www.wikidata.org/entity/Q88416015,Talat S Rahman,http://www.wikidata.org/entity/Q843,Pakistan,female,https://skr.wikipedia.org/wiki/%D8%B7%D9%84%D8%B9%D8%AA_%D8%B4%DB%81%D9%86%D8%A7%D8%B2_%D8%B1%D8%AD%D9%85%D8%A7%D9%86
http://www.wikidata.org/entity/Q91805901,Sanaullah Khan,http://www.wikidata.org/entity/Q843,Pakistan,male,https://ar.wikipedia.org/wiki/%D8%AB%D9%86%D8%A7%D8%A1_%D8%A7%D9%84%D9%84%D9%87_%D8%B9%D9%8A%D8%B3%D9%89_%D8%AE%D8%A7%D9%86_%D8%A7%D9%84%D9%85%D8%AF%D9%86%D9%8A
http://www.wikidata.org/entity/Q97219015,Hafiz Salahuddin Yusuf,http://www.wikidata.org/entity/Q843,Pakistan,male,https://ar.wikipedia.org/wiki/%D8%AD%D8%A7%D9%81%D8%B8_%D8%B5%D9%84%D8%A7%D8%AD_%D8%A7%D9%84%D8%AF%D9%8A%D9%86_%D9%8A%D9%88%D8%B3%D9%81
http://www.wikidata.org/entity/Q97219015,Hafiz Salahuddin Yusuf,http://www.wikidata.org/entity/Q843,Pakistan,male,https://en.wikipedia.org/wiki/Hafiz_Salahuddin_Yusuf
http://www.wikidata.org/entity/Q97219015,Hafiz Salahuddin Yusuf,http://www.wikidata.org/entity/Q843,Pakistan,male,https://bn.wikipedia.org/wiki/%E0%A6%B9%E0%A6%BE%E0%A6%AB%E0%A6%BF%E0%A6%9C_%E0%A6%B8%E0%A6%BE%E0%A6%B2%E0%A6%BE%E0%A6%B9%E0%A7%81%E0%A6%A6%E0%A7%8D%E0%A6%A6%E0%A6%BF%E0%A6%A8_%E0%A6%87%E0%A6%89%E0%A6%B8%E0%A7%81%E0%A6%AB
http://www.wikidata.org/entity/Q97219015,Hafiz Salahuddin Yusuf,http://www.wikidata.org/entity/Q843,Pakistan,male,https://ur.wikipedia.org/wiki/%D8%B5%D9%84%D8%A7%D8%AD_%D8%A7%D9%84%D8%AF%DB%8C%D9%86_%DB%8C%D9%88%D8%B3%D9%81
http://www.wikidata.org/entity/Q97324584,Q97324584,http://www.wikidata.org/entity/Q843,Pakistan,male,https://ur.wikipedia.org/wiki/%D8%B9%D8%B2%DB%8C%D8%B2_%D8%A7%D8%AD%D8%B3%D9%86
http://www.wikidata.org/entity/Q97479821,Faqir Muhammad Soomro,http://www.wikidata.org/entity/Q843,Pakistan,male,https://sd.wikipedia.org/wiki/%D9%81%D9%82%D9%8A%D8%B1_%D9%85%D8%AD%D9%85%D8%AF_%D8%B3%D9%88%D9%85%D8%B1%D9%88
http://www.wikidata.org/entity/Q97479821,Faqir Muhammad Soomro,http://www.wikidata.org/entity/Q843,Pakistan,male,https://pnb.wikipedia.org/wiki/%D9%81%D9%82%DB%8C%D8%B1_%D9%85%D8%AD%D9%85%D8%AF_%D8%B3%D9%88%D9%85%D8%B1%D9%88
http://www.wikidata.org/entity/Q97479821,Faqir Muhammad Soomro,http://www.wikidata.org/entity/Q843,Pakistan,male,https://ur.wikipedia.org/wiki/%D9%81%D9%82%DB%8C%D8%B1_%D9%85%D8%AD%D9%85%D8%AF_%D8%B3%D9%88%D9%85%D8%B1%D9%88
http://www.wikidata.org/entity/Q98109805,Q98109805,http://www.wikidata.org/entity/Q843,Pakistan,male,https://ur.wikipedia.org/wiki/%D9%85%D8%AD%D9%85%D8%AF_%D8%A7%D8%AF%D8%B1%DB%8C%D8%B3_%D9%81%D8%A7%D8%B1%D9%88%D9%82%DB%8C
http://www.wikidata.org/entity/Q102422701,Sara Quraishi,http://www.wikidata.org/entity/Q843,Pakistan,female,https://en.wikipedia.org/wiki/Sarah_Quraishi
http://www.wikidata.org/entity/Q102422701,Sara Quraishi,http://www.wikidata.org/entity/Q843,Pakistan,female,https://pa.wikipedia.org/wiki/%E0%A8%B8%E0%A8%BE%E0%A8%B0%E0%A8%BE%E0%A8%B9_%E0%A8%95%E0%A9%81%E0%A8%B0%E0%A9%88%E0%A8%B8%E0%A8%BC%E0%A9%80
http://www.wikidata.org/entity/Q102422701,Sara Quraishi,http://www.wikidata.org/entity/Q843,Pakistan,female,https://pnb.wikipedia.org/wiki/%D8%B3%D8%A7%D8%B1%DB%81_%D9%82%D8%B1%DB%8C%D8%B4%DB%8C
http://www.wikidata.org/entity/Q102422701,Sara Quraishi,http://www.wikidata.org/entity/Q843,Pakistan,female,https://ta.wikipedia.org/wiki/%E0%AE%9A%E0%AE%BE%E0%AE%B0%E0%AE%BE_%E0%AE%95%E0%AF%81%E0%AE%B1%E0%AF%88%E0%AE%9A%E0%AE%BF
http://www.wikidata.org/entity/Q102422701,Sara Quraishi,http://www.wikidata.org/entity/Q843,Pakistan,female,https://ur.wikipedia.org/wiki/%D8%B3%D8%A7%D8%B1%DB%81_%D9%82%D8%B1%DB%8C%D8%B4%DB%8C
http://www.wikidata.org/entity/Q102422701,Sara Quraishi,http://www.wikidata.org/entity/Q843,Pakistan,female,https://skr.wikipedia.org/wiki/%D8%B3%D8%A7%D8%B1%DB%81_%D9%82%D8%B1%DB%8C%D8%B4%DB%8C
http://www.wikidata.org/entity/Q103911410,Aisha Mughal,http://www.wikidata.org/entity/Q843,Pakistan,trans woman,https://en.wikipedia.org/wiki/Aisha_Mughal
http://www.wikidata.org/entity/Q103911410,Aisha Mughal,http://www.wikidata.org/entity/Q843,Pakistan,trans woman,https://bn.wikipedia.org/wiki/%E0%A6%86%E0%A6%AF%E0%A6%BC%E0%A7%87%E0%A6%B6%E0%A6%BE_%E0%A6%AE%E0%A7%81%E0%A6%98%E0%A6%B2
http://www.wikidata.org/entity/Q103911410,Aisha Mughal,http://www.wikidata.org/entity/Q843,Pakistan,trans woman,https://es.wikipedia.org/wiki/Aisha_Mughal
http://www.wikidata.org/entity/Q103911410,Aisha Mughal,http://www.wikidata.org/entity/Q843,Pakistan,trans woman,https://pa.wikipedia.org/wiki/%E0%A8%86%E0%A8%87%E0%A8%B8%E0%A8%BC%E0%A8%BE_%E0%A8%AE%E0%A9%81%E0%A8%97%E0%A8%BC%E0%A8%B2
http://www.wikidata.org/entity/Q103911410,Aisha Mughal,http://www.wikidata.org/entity/Q843,Pakistan,trans woman,https://pnb.wikipedia.org/wiki/%D8%B9%D8%A7%D8%A6%D8%B4%DB%81_%D9%85%D8%BA%D9%84
http://www.wikidata.org/entity/Q103911410,Aisha Mughal,http://www.wikidata.org/entity/Q843,Pakistan,trans woman,https://ur.wikipedia.org/wiki/%D8%B9%D8%A7%D8%A6%D8%B4%DB%81_%D9%85%D8%BA%D9%84
http://www.wikidata.org/entity/Q103911410,Aisha Mughal,http://www.wikidata.org/entity/Q843,Pakistan,trans woman,https://skr.wikipedia.org/wiki/%D8%B9%D8%A7%D8%A6%D8%B4%DB%81_%D9%85%D8%BA%D9%84
http://www.wikidata.org/entity/Q105620561,Yousuf Khushk,http://www.wikidata.org/entity/Q843,Pakistan,male,https://en.wikipedia.org/wiki/Yousuf_Khushk
http://www.wikidata.org/entity/Q105620561,Yousuf Khushk,http://www.wikidata.org/entity/Q843,Pakistan,male,https://arz.wikipedia.org/wiki/%D9%8A%D9%88%D8%B3%D9%81_%D8%AE%D8%B4%D9%83
http://www.wikidata.org/entity/Q105620561,Yousuf Khushk,http://www.wikidata.org/entity/Q843,Pakistan,male,https://pnb.wikipedia.org/wiki/%DB%8C%D9%88%D8%B3%D9%81_%D8%AE%D8%B4%DA%A9
http://www.wikidata.org/entity/Q105620561,Yousuf Khushk,http://www.wikidata.org/entity/Q843,Pakistan,male,https://ur.wikipedia.org/wiki/%DB%8C%D9%88%D8%B3%D9%81_%D8%AE%D8%B4%DA%A9
http://www.wikidata.org/entity/Q106571861,Abdur Rasheed Nomani,http://www.wikidata.org/entity/Q843,Pakistan,male,https://ar.wikipedia.org/wiki/%D9%85%D8%AD%D9%85%D8%AF_%D8%B9%D8%A8%D8%AF_%D8%A7%D9%84%D8%B1%D8%B4%D9%8A%D8%AF_%D8%A7%D9%84%D9%86%D8%B9%D9%85%D8%A7%D9%86%D9%8A
http://www.wikidata.org/entity/Q106571861,Abdur Rasheed Nomani,http://www.wikidata.org/entity/Q843,Pakistan,male,https://en.wikipedia.org/wiki/Abdul_Rasheed_Nomani
http://www.wikidata.org/entity/Q106571861,Abdur Rasheed Nomani,http://www.wikidata.org/entity/Q843,Pakistan,male,https://bn.wikipedia.org/wiki/%E0%A6%86%E0%A6%AC%E0%A7%8D%E0%A6%A6%E0%A7%81%E0%A6%B0_%E0%A6%B0%E0%A6%B6%E0%A7%80%E0%A6%A6_%E0%A6%A8%E0%A7%8B%E0%A6%AE%E0%A6%BE%E0%A6%A8%E0%A7%80
http://www.wikidata.org/entity/Q106571861,Abdur Rasheed Nomani,http://www.wikidata.org/entity/Q843,Pakistan,male,https://az.wikipedia.org/wiki/%C6%8Fbd%C3%BCrr%C9%99%C5%9Fid_%C9%99n-Numani
http://www.wikidata.org/entity/Q106571861,Abdur Rasheed Nomani,http://www.wikidata.org/entity/Q843,Pakistan,male,https://hi.wikipedia.org/wiki/%E0%A4%85%E0%A4%AC%E0%A5%8D%E0%A4%A6%E0%A5%81%E0%A4%B2_%E0%A4%B0%E0%A4%B6%E0%A5%80%E0%A4%A6_%E0%A4%A8%E0%A5%8B%E0%A4%AE%E0%A4%BE%E0%A4%A8%E0%A5%80
http://www.wikidata.org/entity/Q106571861,Abdur Rasheed Nomani,http://www.wikidata.org/entity/Q843,Pakistan,male,https://ur.wikipedia.org/wiki/%D8%B9%D8%A8%D8%AF_%D8%A7%D9%84%D8%B1%D8%B4%DB%8C%D8%AF_%D9%86%D8%B9%D9%85%D8%A7%D9%86%DB%8C
http://www.wikidata.org/entity/Q106635401,Muhammad Jahangir Tamimi,http://www.wikidata.org/entity/Q843,Pakistan,male,https://pnb.wikipedia.org/wiki/%DA%88%D8%A7%DA%A9%D9%B9%D8%B1_%D9%85%D8%AD%D9%85%D8%AF_%D8%AC%DB%81%D8%A7%D9%86%DA%AF%DB%8C%D8%B1_%D8%AA%D9%85%DB%8C%D9%85%DB%8C
http://www.wikidata.org/entity/Q106635401,Muhammad Jahangir Tamimi,http://www.wikidata.org/entity/Q843,Pakistan,male,https://ur.wikipedia.org/wiki/%D9%85%D8%AD%D9%85%D8%AF_%D8%AC%DB%81%D8%A7%D9%86%DA%AF%DB%8C%D8%B1_%D8%AA%D9%85%DB%8C%D9%85%DB%8C
http://www.wikidata.org/entity/Q107352066,Umair Ahmad,http://www.wikidata.org/entity/Q843,Pakistan,male,https://pnb.wikipedia.org/wiki/%D8%B9%D9%85%DB%8C%D8%B1_%D8%A7%D8%AD%D9%85%D8%AF
http://www.wikidata.org/entity/Q107426702,Dr. Sayyid Ahmed Yousuf Banuri Al-Husaini,http://www.wikidata.org/entity/Q843,Pakistan,male,https://ur.wikipedia.org/wiki/%D8%B3%DB%8C%D8%AF_%D8%A7%D8%AD%D9%85%D8%AF_%DB%8C%D9%88%D8%B3%D9%81_%D8%A8%D9%86%D9%88%D8%B1%DB%8C
http://www.wikidata.org/entity/Q108294599,Akhtar Hashmi,http://www.wikidata.org/entity/Q843,Pakistan,male,https://ur.wikipedia.org/wiki/%D8%A7%D8%AE%D8%AA%D8%B1_%DB%81%D8%A7%D8%B4%D9%85%DB%8C
http://www.wikidata.org/entity/Q108706774,Ziauddin Lahore,http://www.wikidata.org/entity/Q843,Pakistan,male,https://pnb.wikipedia.org/wiki/%D8%B6%DB%8C%D8%A7%D8%A1_%D8%A7%D9%84%D8%AF%DB%8C%D9%86_%D9%84%D8%A7%DB%81%D9%88%D8%B1%DB%8C
http://www.wikidata.org/entity/Q108706774,Ziauddin Lahore,http://www.wikidata.org/entity/Q843,Pakistan,male,https://ur.wikipedia.org/wiki/%D8%B6%DB%8C%D8%A7%D8%A1_%D8%A7%D9%84%D8%AF%DB%8C%D9%86_%D9%84%D8%A7%DB%81%D9%88%D8%B1%DB%8C
http://www.wikidata.org/entity/Q109075889,Ahmed Hussain Qureshi Qiladari,http://www.wikidata.org/entity/Q843,Pakistan,male,https://pnb.wikipedia.org/wiki/%D8%A7%D8%AD%D9%85%D8%AF_%D8%AD%D8%B3%DB%8C%D9%86_%D9%82%D8%B1%DB%8C%D8%B4%DB%8C_%D9%82%D9%84%D8%B9%DB%81_%D8%AF%D8%A7%D8%B1%DB%8C
http://www.wikidata.org/entity/Q109075889,Ahmed Hussain Qureshi Qiladari,http://www.wikidata.org/entity/Q843,Pakistan,male,https://ur.wikipedia.org/wiki/%D8%A7%D8%AD%D9%85%D8%AF_%D8%AD%D8%B3%DB%8C%D9%86_%D9%82%D8%B1%DB%8C%D8%B4%DB%8C_%D9%82%D9%84%D8%B9%DB%81_%D8%AF%D8%A7%D8%B1%DB%8C
http://www.wikidata.org/entity/Q109322716,Abdul Rahim Majzoob,http://www.wikidata.org/entity/Q843,Pakistan,male,https://en.wikipedia.org/wiki/Abdul_Rahim_Majzoob
http://www.wikidata.org/entity/Q109322716,Abdul Rahim Majzoob,http://www.wikidata.org/entity/Q843,Pakistan,male,https://ur.wikipedia.org/wiki/%D8%B9%D8%A8%D8%AF%D8%A7%D9%84%D8%B1%D8%AD%DB%8C%D9%85_%D9%85%D8%AC%D8%B0%D9%88%D8%A8
http://www.wikidata.org/entity/Q110625071,Basit Bilal Koshul,http://www.wikidata.org/entity/Q843,Pakistan,male,https://en.wikipedia.org/wiki/Basit_Bilal_Koshul
http://www.wikidata.org/entity/Q110625071,Basit Bilal Koshul,http://www.wikidata.org/entity/Q843,Pakistan,male,https://pnb.wikipedia.org/wiki/%D8%A8%D8%A7%D8%B3%D8%B7_%D8%A8%D9%84%D8%A7%D9%84_%DA%A9%D9%88%D8%B4%D9%84
http://www.wikidata.org/entity/Q110625071,Basit Bilal Koshul,http://www.wikidata.org/entity/Q843,Pakistan,male,https://ur.wikipedia.org/wiki/%D8%A8%D8%A7%D8%B3%D8%B7_%D8%A8%D9%84%D8%A7%D9%84_%DA%A9%D9%88%D8%B4%D9%84
http://www.wikidata.org/entity/Q111850238,Syed Wadal Shah,http://www.wikidata.org/entity/Q843,Pakistan,male,https://en.wikipedia.org/wiki/Syed_Wadal_Shah
http://www.wikidata.org/entity/Q113103480,Q113103480,http://www.wikidata.org/entity/Q843,Pakistan,male,https://ur.wikipedia.org/wiki/%D9%85%D8%AD%D9%85%D8%AF_%D8%AD%D9%86%DB%8C%D9%81_%D8%B4%D8%A7%DB%81%D8%AF
http://www.wikidata.org/entity/Q113331809,Q113331809,http://www.wikidata.org/entity/Q843,Pakistan,male,https://ur.wikipedia.org/wiki/%D8%AE%D8%A7%D9%88%D8%B1_%DA%86%D9%88%D8%AF%DA%BE%D8%B1%DB%8C
http://www.wikidata.org/entity/Q25546643,Arshad Mahmood Nashad,http://www.wikidata.org/entity/Q843,Pakistan,male,https://pnb.wikipedia.org/wiki/%D8%A7%D8%B1%D8%B4%D8%AF_%D9%85%D8%AD%D9%85%D9%88%D8%AF_%D9%86%D8%A7%D8%B4%D8%A7%D8%AF
http://www.wikidata.org/entity/Q25546643,Arshad Mahmood Nashad,http://www.wikidata.org/entity/Q843,Pakistan,male,https://ur.wikipedia.org/wiki/%D8%A7%D8%B1%D8%B4%D8%AF_%D9%85%D8%AD%D9%85%D9%88%D8%AF_%D9%86%D8%A7%D8%B4%D8%A7%D8%AF
http://www.wikidata.org/entity/Q25548164,Ghulam Ghaus Hazarvi,http://www.wikidata.org/entity/Q843,Pakistan,male,https://ar.wikipedia.org/wiki/%D8%BA%D9%84%D8%A7%D9%85_%D8%BA%D9%88%D8%AB_%D8%A7%D9%84%D9%87%D8%B2%D8%A7%D8%B1%D9%88%D9%8A
http://www.wikidata.org/entity/Q25548164,Ghulam Ghaus Hazarvi,http://www.wikidata.org/entity/Q843,Pakistan,male,https://ps.wikipedia.org/wiki/%D8%BA%D9%84%D8%A7%D9%85_%D8%BA%D9%88%D8%AB_%DB%81%D8%B2%D8%A7%D8%B1%D9%88%DB%8C
http://www.wikidata.org/entity/Q25548164,Ghulam Ghaus Hazarvi,http://www.wikidata.org/entity/Q843,Pakistan,male,https://en.wikipedia.org/wiki/Ghulam_Ghaus_Hazarvi
http://www.wikidata.org/entity/Q25548164,Ghulam Ghaus Hazarvi,http://www.wikidata.org/entity/Q843,Pakistan,male,https://bn.wikipedia.org/wiki/%E0%A6%97%E0%A7%8B%E0%A6%B2%E0%A6%BE%E0%A6%AE_%E0%A6%97%E0%A6%BE%E0%A6%89%E0%A6%B8_%E0%A6%B9%E0%A6%BE%E0%A6%9C%E0%A6%BE%E0%A6%B0%E0%A6%AD%E0%A6%BF
http://www.wikidata.org/entity/Q25548164,Ghulam Ghaus Hazarvi,http://www.wikidata.org/entity/Q843,Pakistan,male,https://ha.wikipedia.org/wiki/Ghulam_Ghaus_Hazarvi
http://www.wikidata.org/entity/Q25548164,Ghulam Ghaus Hazarvi,http://www.wikidata.org/entity/Q843,Pakistan,male,https://ur.wikipedia.org/wiki/%D8%BA%D9%84%D8%A7%D9%85_%D8%BA%D9%88%D8%AB_%DB%81%D8%B2%D8%A7%D8%B1%D9%88%DB%8C
http://www.wikidata.org/entity/Q25550075,Q25550075,http://www.wikidata.org/entity/Q843,Pakistan,male,https://ur.wikipedia.org/wiki/%D8%A7%D8%B3%D9%84%D9%85_%D8%A7%D9%86%D8%B5%D8%A7%D8%B1%DB%8C
http://www.wikidata.org/entity/Q25587890,Monzur Hossain,http://www.wikidata.org/entity/Q843,Pakistan,male,https://bn.wikipedia.org/wiki/%E0%A6%AE%E0%A6%A8%E0%A6%9C%E0%A7%81%E0%A6%B0_%E0%A6%B9%E0%A7%8B%E0%A6%B8%E0%A7%87%E0%A6%A8
http://www.wikidata.org/entity/Q25587890,Monzur Hossain,http://www.wikidata.org/entity/Q843,Pakistan,male,https://bn.wikipedia.org/wiki/%E0%A6%AE%E0%A6%A8%E0%A6%9C%E0%A7%81%E0%A6%B0_%E0%A6%B9%E0%A7%8B%E0%A6%B8%E0%A7%87%E0%A6%A8
http://www.wikidata.org/entity/Q25654917,Amar Fayaz Buriro,http://www.wikidata.org/entity/Q843,Pakistan,male,https://sd.wikipedia.org/wiki/%D8%A7%D9%85%D8%B1_%D9%81%D9%8A%D8%A7%D8%B6_%D9%BB%D8%B1%DA%99%D9%88
http://www.wikidata.org/entity/Q25654917,Amar Fayaz Buriro,http://www.wikidata.org/entity/Q843,Pakistan,male,https://pnb.wikipedia.org/wiki/%D8%A7%D9%85%D8%B1_%D9%81%DB%8C%D8%A7%D8%B6_%D8%A8%D8%B1%DA%91%DA%BE%D9%88
http://www.wikidata.org/entity/Q25654917,Amar Fayaz Buriro,http://www.wikidata.org/entity/Q843,Pakistan,male,https://ur.wikipedia.org/wiki/%D8%A7%D9%85%D8%B1_%D9%81%DB%8C%D8%A7%D8%B6_%D8%A8%D8%B1%DA%91%D9%88
http://www.wikidata.org/entity/Q26242201,Q26242201,http://www.wikidata.org/entity/Q843,Pakistan,,https://ur.wikipedia.org/wiki/%D8%A7%D9%81%D8%B3%D8%B1_%D8%B5%D8%AF%DB%8C%D9%82%DB%8C_%D8%A7%D9%85%D8%B1%D9%88%DB%81%D9%88%DB%8C
http://www.wikidata.org/entity/Q26292525,Q26292525,http://www.wikidata.org/entity/Q843,Pakistan,male,https://ur.wikipedia.org/wiki/%D8%B4%D9%81%D9%82%D8%AA_%D8%B1%D8%B6%D9%88%DB%8C
http://www.wikidata.org/entity/Q26713431,Zabta Khan Shinwari,http://www.wikidata.org/entity/Q843,Pakistan,male,https://en.wikipedia.org/wiki/Zabta_Khan_Shinwari
http://www.wikidata.org/entity/Q26713431,Zabta Khan Shinwari,http://www.wikidata.org/entity/Q843,Pakistan,male,https://pnb.wikipedia.org/wiki/%D8%B2%D8%A8%D8%AA%D8%A7_%D8%AE%D8%A7%D9%86_%D8%B4%D9%86%D9%88%D8%A7%D8%B1%DB%8C
http://www.wikidata.org/entity/Q26713431,Zabta Khan Shinwari,http://www.wikidata.org/entity/Q843,Pakistan,male,https://ur.wikipedia.org/wiki/%D8%B2%D8%A8%D8%AA%D8%A7_%D8%AE%D8%A7%D9%86_%D8%B4%D9%86%D9%88%D8%A7%D8%B1%DB%8C
http://www.wikidata.org/entity/Q27881369,Mihir Chowdhury,http://www.wikidata.org/entity/Q843,Pakistan,male,https://en.wikipedia.org/wiki/Mihir_Chowdhury
http://www.wikidata.org/entity/Q27881369,Mihir Chowdhury,http://www.wikidata.org/entity/Q843,Pakistan,male,https://bn.wikipedia.org/wiki/%E0%A6%AE%E0%A6%BF%E0%A6%B9%E0%A6%BF%E0%A6%B0_%E0%A6%9A%E0%A7%8C%E0%A6%A7%E0%A7%81%E0%A6%B0%E0%A7%80
http://www.wikidata.org/entity/Q27916397,Ajmal Khan,http://www.wikidata.org/entity/Q843,Pakistan,male,https://en.wikipedia.org/wiki/Ajmal_Khan_(Islamia_College_University)
http://www.wikidata.org/entity/Q27916397,Ajmal Khan,http://www.wikidata.org/entity/Q843,Pakistan,male,https://ur.wikipedia.org/wiki/%D8%A7%D8%AC%D9%85%D9%84_%D8%AE%D8%A7%D9%86_(%D8%A7%D8%B3%D9%84%D8%A7%D9%85%DB%8C%DB%81_%DA%A9%D8%A7%D9%84%D8%AC_%DB%8C%D9%88%D9%86%DB%8C%D9%88%D8%B1%D8%B3%D9%B9%DB%8C)
http://www.wikidata.org/entity/Q28752693,Muhammad Iqbal,http://www.wikidata.org/entity/Q843,Pakistan,male,https://ur.wikipedia.org/wiki/%D8%B4%DB%8C%D8%AE_%D9%85%D8%AD%D9%85%D8%AF_%D8%A7%D9%82%D8%A8%D8%A7%D9%84
http://www.wikidata.org/entity/Q29452548,Shamsuddin H. Rahimtoola,http://www.wikidata.org/entity/Q843,Pakistan,male,https://en.wikipedia.org/wiki/Shamsuddin_H._Rahimtoola
http://www.wikidata.org/entity/Q29452548,Shamsuddin H. Rahimtoola,http://www.wikidata.org/entity/Q843,Pakistan,male,https://ur.wikipedia.org/wiki/%D8%B4%D9%85%D8%B3_%D8%A7%D9%84%D8%AF%DB%8C%D9%86_%D8%A7%DB%8C%DA%86_%D8%B1%D8%AD%DB%8C%D9%85_%D8%AA%D9%88%D9%84%DB%81
http://www.wikidata.org/entity/Q33133717,Munshi Siddique Ahmed,http://www.wikidata.org/entity/Q843,Pakistan,male,https://en.wikipedia.org/wiki/Munshi_Siddique_Ahmad
http://www.wikidata.org/entity/Q33133717,Munshi Siddique Ahmed,http://www.wikidata.org/entity/Q843,Pakistan,male,https://bn.wikipedia.org/wiki/%E0%A6%AE%E0%A7%81%E0%A6%A8%E0%A7%8D%E0%A6%B8%E0%A7%80_%E0%A6%B8%E0%A6%BF%E0%A6%A6%E0%A7%8D%E0%A6%A6%E0%A7%80%E0%A6%95_%E0%A6%86%E0%A6%B9%E0%A6%AE%E0%A6%A6
http://www.wikidata.org/entity/Q46986863,Nadia Chaudhri,http://www.wikidata.org/entity/Q843,Pakistan,female,https://en.wikipedia.org/wiki/Nadia_Chaudhri
http://www.wikidata.org/entity/Q46986863,Nadia Chaudhri,http://www.wikidata.org/entity/Q843,Pakistan,female,https://es.wikipedia.org/wiki/Nadia_Chaudhri
http://www.wikidata.org/entity/Q46986863,Nadia Chaudhri,http://www.wikidata.org/entity/Q843,Pakistan,female,https://ur.wikipedia.org/wiki/%D9%86%D8%A7%D8%AF%DB%8C%DB%81_%DA%86%D9%88%D8%AF%DA%BE%D8%B1%DB%8C
http://www.wikidata.org/entity/Q47003629,Muhammad Shaheer Niazi,http://www.wikidata.org/entity/Q843,Pakistan,male,https://ur.wikipedia.org/wiki/%D9%85%D8%AD%D9%85%D8%AF_%D8%B4%DB%81%DB%8C%D8%B1_%D9%86%DB%8C%D8%A7%D8%B2%DB%8C
http://www.wikidata.org/entity/Q47101301,Tahir Shamsi,http://www.wikidata.org/entity/Q843,Pakistan,male,https://en.wikipedia.org/wiki/Tahir_Shamsi
http://www.wikidata.org/entity/Q47101301,Tahir Shamsi,http://www.wikidata.org/entity/Q843,Pakistan,male,https://tr.wikipedia.org/wiki/Tahir_%C5%9Eemsi
http://www.wikidata.org/entity/Q47101301,Tahir Shamsi,http://www.wikidata.org/entity/Q843,Pakistan,male,https://ur.wikipedia.org/wiki/%D8%B7%D8%A7%DB%81%D8%B1_%D8%B4%D9%85%D8%B3%DB%8C
http://www.wikidata.org/entity/Q47455580,Fyaz Hussain Khan,http://www.wikidata.org/entity/Q843,Pakistan,male,https://en.wikipedia.org/wiki/Fyaz_Hussain_Khan
http://www.wikidata.org/entity/Q47455580,Fyaz Hussain Khan,http://www.wikidata.org/entity/Q843,Pakistan,male,https://bn.wikipedia.org/wiki/%E0%A6%AB%E0%A6%BE%E0%A6%87%E0%A6%AF%E0%A6%BC%E0%A6%BE%E0%A6%9C_%E0%A6%B9%E0%A7%8B%E0%A6%B8%E0%A7%87%E0%A6%A8_%E0%A6%96%E0%A6%BE%E0%A6%A8
http://www.wikidata.org/entity/Q52600494,Q52600494,http://www.wikidata.org/entity/Q843,Pakistan,male,https://pnb.wikipedia.org/wiki/%D9%86%D8%A7%D8%AF%D9%85_%D8%B3%DB%8C%D8%AA%D8%A7%D9%BE%D9%88%D8%B1%DB%8C
http://www.wikidata.org/entity/Q52600494,Q52600494,http://www.wikidata.org/entity/Q843,Pakistan,male,https://ur.wikipedia.org/wiki/%D9%86%D8%A7%D8%AF%D9%85_%D8%B3%DB%8C%D8%AA%D8%A7%D9%BE%D9%88%D8%B1%DB%8C
http://www.wikidata.org/entity/Q52687066,Mubashir Husain Rehmani,http://www.wikidata.org/entity/Q843,Pakistan,male,https://ar.wikipedia.org/wiki/%D9%85%D8%A8%D8%B4%D8%B1_%D8%AD%D8%B3%DB%8C%D9%86_%D8%B1%D8%AD%D9%85%D8%A7%D9%86%D9%8A
http://www.wikidata.org/entity/Q52687066,Mubashir Husain Rehmani,http://www.wikidata.org/entity/Q843,Pakistan,male,https://en.wikipedia.org/wiki/Mubashir_Husain_Rehmani
http://www.wikidata.org/entity/Q52687066,Mubashir Husain Rehmani,http://www.wikidata.org/entity/Q843,Pakistan,male,https://ur.wikipedia.org/wiki/%D9%85%D8%A8%D8%B4%D8%B1_%D8%AD%D8%B3%DB%8C%D9%86_%D8%B1%D8%AD%D9%85%D8%A7%D9%86%DB%8C
http://www.wikidata.org/entity/Q54862084,Syed Sher Ali Shah,http://www.wikidata.org/entity/Q843,Pakistan,male,https://ar.wikipedia.org/wiki/%D8%B4%D9%8A%D8%B1_%D8%B9%D9%84%D9%8A_%D8%B4%D8%A7%D9%87_%D9%85%D8%AF%D9%86%D9%8A
http://www.wikidata.org/entity/Q54862084,Syed Sher Ali Shah,http://www.wikidata.org/entity/Q843,Pakistan,male,https://ps.wikipedia.org/wiki/%D8%B4%DB%90%D8%B1_%D8%B9%D9%84%D9%8A_%D8%B4%D8%A7%D9%87
http://www.wikidata.org/entity/Q54862084,Syed Sher Ali Shah,http://www.wikidata.org/entity/Q843,Pakistan,male,https://en.wikipedia.org/wiki/Syed_Sher_Ali_Shah
http://www.wikidata.org/entity/Q54862084,Syed Sher Ali Shah,http://www.wikidata.org/entity/Q843,Pakistan,male,https://bn.wikipedia.org/wiki/%E0%A6%B8%E0%A7%88%E0%A6%AF%E0%A6%BC%E0%A6%A6_%E0%A6%B6%E0%A7%87%E0%A6%B0_%E0%A6%86%E0%A6%B2%E0%A7%80_%E0%A6%B6%E0%A6%BE%E0%A6%B9
http://www.wikidata.org/entity/Q54862084,Syed Sher Ali Shah,http://www.wikidata.org/entity/Q843,Pakistan,male,https://ur.wikipedia.org/wiki/%D8%B3%DB%8C%D8%AF_%D8%B4%DB%8C%D8%B1_%D8%B9%D9%84%DB%8C_%D8%B4%D8%A7%DB%81
http://www.wikidata.org/entity/Q56386531,Asifa Akhtar,http://www.wikidata.org/entity/Q843,Pakistan,female,https://en.wikipedia.org/wiki/Asifa_Akhtar
http://www.wikidata.org/entity/Q56386531,Asifa Akhtar,http://www.wikidata.org/entity/Q843,Pakistan,female,https://bn.wikipedia.org/wiki/%E0%A6%86%E0%A6%B8%E0%A6%BF%E0%A6%AB%E0%A6%BE_%E0%A6%86%E0%A6%96%E0%A6%A4%E0%A6%BE%E0%A6%B0
http://www.wikidata.org/entity/Q56386531,Asifa Akhtar,http://www.wikidata.org/entity/Q843,Pakistan,female,https://als.wikipedia.org/wiki/Asifa_Akhtar
http://www.wikidata.org/entity/Q56386531,Asifa Akhtar,http://www.wikidata.org/entity/Q843,Pakistan,female,https://as.wikipedia.org/wiki/%E0%A6%86%E0%A6%9B%E0%A6%BF%E0%A6%AB%E0%A6%BE_%E0%A6%86%E0%A6%96%E0%A6%A4%E0%A6%BE%E0%A7%B0
http://www.wikidata.org/entity/Q56386531,Asifa Akhtar,http://www.wikidata.org/entity/Q843,Pakistan,female,https://az.wikipedia.org/wiki/Asifa_Axtar
http://www.wikidata.org/entity/Q56386531,Asifa Akhtar,http://www.wikidata.org/entity/Q843,Pakistan,female,https://de.wikipedia.org/wiki/Asifa_Akhtar
http://www.wikidata.org/entity/Q56386531,Asifa Akhtar,http://www.wikidata.org/entity/Q843,Pakistan,female,https://pnb.wikipedia.org/wiki/%D8%A2%D8%B5%D9%81%DB%81_%D8%A7%D8%AE%D8%AA%D8%B1
http://www.wikidata.org/entity/Q56386531,Asifa Akhtar,http://www.wikidata.org/entity/Q843,Pakistan,female,https://ur.wikipedia.org/wiki/%D8%A2%D8%B5%D9%81%DB%81_%D8%A7%D8%AE%D8%AA%D8%B1
http://www.wikidata.org/entity/Q56386531,Asifa Akhtar,http://www.wikidata.org/entity/Q843,Pakistan,female,https://uz.wikipedia.org/wiki/Asifa_Axtar
http://www.wikidata.org/entity/Q56386531,Asifa Akhtar,http://www.wikidata.org/entity/Q843,Pakistan,female,https://skr.wikipedia.org/wiki/%D8%A2%D8%B5%D9%81%DB%81_%D8%A7%D8%AE%D8%AA%D8%B1
http://www.wikidata.org/entity/Q57732490,Faisal Khan,http://www.wikidata.org/entity/Q843,Pakistan,male,https://ps.wikipedia.org/wiki/%D9%81%D9%8A%D8%B5%D9%84_%D8%AE%D8%A7%D9%86
http://www.wikidata.org/entity/Q57732490,Faisal Khan,http://www.wikidata.org/entity/Q843,Pakistan,male,https://ur.wikipedia.org/wiki/%D9%81%D9%8A%D8%B5%D9%84_%D8%AE%D8%A7%D9%86
http://www.wikidata.org/entity/Q59054627,Q59054627,http://www.wikidata.org/entity/Q843,Pakistan,male,https://pnb.wikipedia.org/wiki/%D8%B9%D8%A8%D8%AF_%D8%A7%D9%84%D8%B1%D8%A4%D9%81_%D8%B9%D8%B1%D9%88%D8%AC
http://www.wikidata.org/entity/Q59054627,Q59054627,http://www.wikidata.org/entity/Q843,Pakistan,male,https://ur.wikipedia.org/wiki/%D8%B9%D8%A8%D8%AF_%D8%A7%D9%84%D8%B1%D8%A4%D9%81_%D8%B9%D8%B1%D9%88%D8%AC
http://www.wikidata.org/entity/Q60589883,Anam Zakaria,http://www.wikidata.org/entity/Q843,Pakistan,female,https://en.wikipedia.org/wiki/Anam_Zakaria
http://www.wikidata.org/entity/Q60589883,Anam Zakaria,http://www.wikidata.org/entity/Q843,Pakistan,female,https://bn.wikipedia.org/wiki/%E0%A6%86%E0%A6%A8%E0%A6%BE%E0%A6%AE_%E0%A6%9C%E0%A6%BE%E0%A6%95%E0%A6%BE%E0%A6%B0%E0%A6%BF%E0%A6%AF%E0%A6%BC%E0%A6%BE
http://www.wikidata.org/entity/Q60589883,Anam Zakaria,http://www.wikidata.org/entity/Q843,Pakistan,female,https://pnb.wikipedia.org/wiki/%D8%A7%D9%86%D9%85_%D8%B2%DA%A9%D8%B1%DB%8C%D8%A7
http://www.wikidata.org/entity/Q60589883,Anam Zakaria,http://www.wikidata.org/entity/Q843,Pakistan,female,https://ta.wikipedia.org/wiki/%E0%AE%85%E0%AE%A9%E0%AE%BE%E0%AE%AE%E0%AF%8D_%E0%AE%9A%E0%AE%95%E0%AE%BE%E0%AE%B0%E0%AE%BF%E0%AE%AF%E0%AE%BE
http://www.wikidata.org/entity/Q60589883,Anam Zakaria,http://www.wikidata.org/entity/Q843,Pakistan,female,https://ur.wikipedia.org/wiki/%D8%A7%D9%86%D9%85_%D8%B2%DA%A9%D8%B1%DB%8C%D8%A7
http://www.wikidata.org/entity/Q60589883,Anam Zakaria,http://www.wikidata.org/entity/Q843,Pakistan,female,https://skr.wikipedia.org/wiki/%D8%A7%D9%86%D9%85_%D8%B2%DA%A9%D8%B1%DB%8C%D8%A7
http://www.wikidata.org/entity/Q61072539,Q61072539,http://www.wikidata.org/entity/Q843,Pakistan,male,https://ur.wikipedia.org/wiki/%D8%B4%DB%81%D8%B2%D8%A7%D8%AF_%D9%86%DB%8C%D8%B1
http://www.wikidata.org/entity/Q63170795,Munir Ahmed Slaich,http://www.wikidata.org/entity/Q843,Pakistan,male,https://pnb.wikipedia.org/wiki/%D9%85%D8%AD%D9%85%D8%AF_%D9%85%D9%86%DB%8C%D8%B1_%D8%A7%D8%AD%D9%85%D8%AF_%D8%B3%D9%84%DB%8C%DA%86
http://www.wikidata.org/entity/Q63170795,Munir Ahmed Slaich,http://www.wikidata.org/entity/Q843,Pakistan,male,https://ur.wikipedia.org/wiki/%D9%85%D8%AD%D9%85%D8%AF_%D9%85%D9%86%DB%8C%D8%B1_%D8%A7%D8%AD%D9%85%D8%AF_%D8%B3%D9%84%DB%8C%DA%86
http://www.wikidata.org/entity/Q6936644,Munir Ahmad Khan,http://www.wikidata.org/entity/Q843,Pakistan,male,https://ar.wikipedia.org/wiki/%D9%85%D9%86%D9%8A%D8%B1_%D8%A3%D8%AD%D9%85%D8%AF_%D8%AE%D8%A7%D9%86
http://www.wikidata.org/entity/Q6936644,Munir Ahmad Khan,http://www.wikidata.org/entity/Q843,Pakistan,male,https://en.wikipedia.org/wiki/Munir_Ahmad_Khan
http://www.wikidata.org/entity/Q6936644,Munir Ahmad Khan,http://www.wikidata.org/entity/Q843,Pakistan,male,https://ku.wikipedia.org/wiki/Mun%C3%AEr_Ehmed_Xan
http://www.wikidata.org/entity/Q6936644,Munir Ahmad Khan,http://www.wikidata.org/entity/Q843,Pakistan,male,https://pnb.wikipedia.org/wiki/%D9%85%D9%86%DB%8C%D8%B1_%D8%A7%D8%AD%D9%85%D8%AF_%D8%AE%D8%A7%D9%86
http://www.wikidata.org/entity/Q6936644,Munir Ahmad Khan,http://www.wikidata.org/entity/Q843,Pakistan,male,https://ur.wikipedia.org/wiki/%D9%85%D9%86%DB%8C%D8%B1_%D8%A7%D8%AD%D9%85%D8%AF_%D8%AE%D8%A7%D9%86_(%D9%85%D8%A7%DB%81%D8%B1_%D8%AA%D8%B9%D9%84%DB%8C%D9%85
http://www.wikidata.org/entity/Q6958181,Nafis Sadik,http://www.wikidata.org/entity/Q843,Pakistan,female,https://en.wikipedia.org/wiki/Nafis_Sadik
http://www.wikidata.org/entity/Q6958181,Nafis Sadik,http://www.wikidata.org/entity/Q843,Pakistan,female,https://bn.wikipedia.org/wiki/%E0%A6%A8%E0%A6%BE%E0%A6%AB%E0%A6%BF%E0%A6%B8_%E0%A6%B8%E0%A6%BE%E0%A6%A6%E0%A6%BF%E0%A6%95
http://www.wikidata.org/entity/Q6958181,Nafis Sadik,http://www.wikidata.org/entity/Q843,Pakistan,female,https://arz.wikipedia.org/wiki/%D9%86%D8%A7%D9%81%D9%8A%D8%B3_%D8%B3%D8%A7%D8%AF%D9%8A%D9%83
http://www.wikidata.org/entity/Q6958181,Nafis Sadik,http://www.wikidata.org/entity/Q843,Pakistan,female,https://fa.wikipedia.org/wiki/%D9%86%D9%81%DB%8C%D8%B3_%D8%B5%D8%A7%D8%AF%D9%82
http://www.wikidata.org/entity/Q6958181,Nafis Sadik,http://www.wikidata.org/entity/Q843,Pakistan,female,https://fr.wikipedia.org/wiki/Nafis_Sadik
http://www.wikidata.org/entity/Q6958181,Nafis Sadik,http://www.wikidata.org/entity/Q843,Pakistan,female,https://ml.wikipedia.org/wiki/%E0%B4%A8%E0%B4%AB%E0%B5%80%E0%B4%B8%E0%B5%8D_%E0%B4%B8%E0%B4%BE%E0%B4%A6%E0%B4%BF%E0%B4%95%E0%B5%8D%E0%B4%95%E0%B5%8D
http://www.wikidata.org/entity/Q6958181,Nafis Sadik,http://www.wikidata.org/entity/Q843,Pakistan,female,https://pnb.wikipedia.org/wiki/%D9%86%D9%81%DB%8C%D8%B3_%D8%B5%D8%A7%D8%AF%D9%82
http://www.wikidata.org/entity/Q6958181,Nafis Sadik,http://www.wikidata.org/entity/Q843,Pakistan,female,https://ta.wikipedia.org/wiki/%E0%AE%A8%E0%AE%BE%E0%AE%AA%E0%AE%BF%E0%AE%9A%E0%AF%81_%E0%AE%9A%E0%AE%BE%E0%AE%A4%E0%AE%BF%E0%AE%95%E0%AF%8D%E0%AE%95%E0%AF%81
http://www.wikidata.org/entity/Q6958181,Nafis Sadik,http://www.wikidata.org/entity/Q843,Pakistan,female,https://ur.wikipedia.org/wiki/%D9%86%D9%81%DB%8C%D8%B3_%D8%B5%D8%A7%D8%AF%D9%82
http://www.wikidata.org/entity/Q6958181,Nafis Sadik,http://www.wikidata.org/entity/Q843,Pakistan,female,https://skr.wikipedia.org/wiki/%D9%86%D9%81%DB%8C%D8%B3_%D8%B5%D8%A7%D8%AF%D9%82
http://www.wikidata.org/entity/Q7294873,Rashid Ahmed Khan Tahirkhaili,http://www.wikidata.org/entity/Q843,Pakistan,male,https://en.wikipedia.org/wiki/Rashid_Ahmed_Khan_Tahirkheli
http://www.wikidata.org/entity/Q7294873,Rashid Ahmed Khan Tahirkhaili,http://www.wikidata.org/entity/Q843,Pakistan,male,https://ur.wikipedia.org/wiki/%D8%B1%D8%B4%DB%8C%D8%AF_%D8%A7%D8%AD%D9%85%D8%AF_%D8%AE%D8%A7%D9%86_%D8%B7%D8%A7%DB%81%D8%B1%D8%AE%DB%8C%D9%84%DB%8C
http://www.wikidata.org/entity/Q7329995,Richard William Timm,http://www.wikidata.org/entity/Q843,Pakistan,male,https://en.wikipedia.org/wiki/Richard_William_Timm
http://www.wikidata.org/entity/Q7329995,Richard William Timm,http://www.wikidata.org/entity/Q843,Pakistan,male,https://bn.wikipedia.org/wiki/%E0%A6%B0%E0%A6%BF%E0%A6%9A%E0%A6%BE%E0%A6%B0%E0%A7%8D%E0%A6%A1_%E0%A6%89%E0%A6%87%E0%A6%B2%E0%A6%BF%E0%A6%AF%E0%A6%BC%E0%A6%BE%E0%A6%AE_%E0%A6%9F%E0%A6%BF%E0%A6%AE
http://www.wikidata.org/entity/Q7329995,Richard William Timm,http://www.wikidata.org/entity/Q843,Pakistan,male,https://as.wikipedia.org/wiki/%E0%A7%B0%E0%A6%BF%E0%A6%9A%E0%A6%BE%E0%A7%B0%E0%A7%8D%E0%A6%A1_%E0%A6%89%E0%A6%87%E0%A6%B2%E0%A6%BF%E0%A6%AF%E0%A6%BC%E0%A6%BE%E0%A6%AE_%E0%A6%9F%E0%A6%BF%E0%A6%AE
http://www.wikidata.org/entity/Q7329995,Richard William Timm,http://www.wikidata.org/entity/Q843,Pakistan,male,https://no.wikipedia.org/wiki/Richard_William_Timm
http://www.wikidata.org/entity/Q7329995,Richard William Timm,http://www.wikidata.org/entity/Q843,Pakistan,male,https://simple.wikipedia.org/wiki/Richard_William_Timm
http://www.wikidata.org/entity/Q7329995,Richard William Timm,http://www.wikidata.org/entity/Q843,Pakistan,male,https://ur.wikipedia.org/wiki/%D8%B1%DA%86%D8%B1%DA%88_%D9%88%D9%84%DB%8C%D9%85_%D9%B9%D9%85
http://www.wikidata.org/entity/Q7329995,Richard William Timm,http://www.wikidata.org/entity/Q843,Pakistan,male,https://bpy.wikipedia.org/wiki/%E0%A6%B0%E0%A6%BF%E0%A6%9A%E0%A6%BE%E0%A6%B0%E0%A7%8D%E0%A6%A1_%E0%A6%89%E0%A6%87%E0%A6%B2%E0%A6%BF%E0%A6%AF%E0%A6%BC%E0%A6%BE%E0%A6%AE_%E0%A6%9F%E0%A6%BF%E0%A6%AE
http://www.wikidata.org/entity/Q7402502,Saira Batool,http://www.wikidata.org/entity/Q843,Pakistan,female,https://ur.wikipedia.org/wiki/%D8%B3%D8%A7%D8%A6%D8%B1%DB%81_%D8%A8%D8%AA%D9%88%D9%84
http://www.wikidata.org/entity/Q7461220,Shah Abdul Hannan,http://www.wikidata.org/entity/Q843,Pakistan,male,https://ar.wikipedia.org/wiki/%D8%B4%D8%A7%D9%87_%D8%B9%D8%A8%D8%AF_%D8%A7%D9%84%D8%AD%D9%86%D8%A7%D9%86
http://www.wikidata.org/entity/Q7461220,Shah Abdul Hannan,http://www.wikidata.org/entity/Q843,Pakistan,male,https://en.wikipedia.org/wiki/Shah_Abdul_Hannan
http://www.wikidata.org/entity/Q7461220,Shah Abdul Hannan,http://www.wikidata.org/entity/Q843,Pakistan,male,https://bn.wikipedia.org/wiki/%E0%A6%B6%E0%A6%BE%E0%A6%B9_%E0%A6%86%E0%A6%AC%E0%A6%A6%E0%A7%81%E0%A6%B2_%E0%A6%B9%E0%A6%BE%E0%A6%A8%E0%A7%8D%E0%A6%A8%E0%A6%BE%E0%A6%A8
http://www.wikidata.org/entity/Q7461220,Shah Abdul Hannan,http://www.wikidata.org/entity/Q843,Pakistan,male,https://arz.wikipedia.org/wiki/%D8%B4%D8%A7%D9%87_%D8%A7%D8%A8%D8%AF%D9%88%D9%84_%D9%87%D8%A7%D9%86%D8%A7%D9%86
http://www.wikidata.org/entity/Q7461296,Shah M. Faruque,http://www.wikidata.org/entity/Q843,Pakistan,male,https://en.wikipedia.org/wiki/Shah_M._Faruque
http://www.wikidata.org/entity/Q7461296,Shah M. Faruque,http://www.wikidata.org/entity/Q843,Pakistan,male,https://bn.wikipedia.org/wiki/%E0%A6%B6%E0%A6%BE%E0%A6%B9_%E0%A6%AE%E0%A7%8B%E0%A6%B9%E0%A6%BE%E0%A6%AE%E0%A7%8D%E0%A6%AE%E0%A6%A6_%E0%A6%AB%E0%A6%BE%E0%A6%B0%E0%A7%81%E0%A6%95
http://www.wikidata.org/entity/Q7461296,Shah M. Faruque,http://www.wikidata.org/entity/Q843,Pakistan,male,https://fa.wikipedia.org/wiki/%D8%B4%D8%A7%D9%87_%D9%85._%D9%81%D8%A7%D8%B1%D9%88%DA%A9%D9%87
http://www.wikidata.org/entity/Q7660286,Syed Akhtar Ahsan,http://www.wikidata.org/entity/Q843,Pakistan,male,https://ur.wikipedia.org/wiki/%D8%B3%DB%8C%D8%AF_%D8%A7%D8%AE%D8%AA%D8%B1_%D8%A7%D8%AD%D8%B3%D9%86
http://www.wikidata.org/entity/Q11105050,Shuvo Roy,http://www.wikidata.org/entity/Q843,Pakistan,male,https://en.wikipedia.org/wiki/Shuvo_Roy
http://www.wikidata.org/entity/Q11105050,Shuvo Roy,http://www.wikidata.org/entity/Q843,Pakistan,male,https://bn.wikipedia.org/wiki/%E0%A6%B6%E0%A7%81%E0%A6%AD_%E0%A6%B0%E0%A6%BE%E0%A6%AF%E0%A6%BC
http://www.wikidata.org/entity/Q11105050,Shuvo Roy,http://www.wikidata.org/entity/Q843,Pakistan,male,https://arz.wikipedia.org/wiki/%D8%B4%D9%88%D9%81%D9%88_%D8%B1%D9%88%D9%89
http://www.wikidata.org/entity/Q15983600,Muhammad Iqbal Choudhary,http://www.wikidata.org/entity/Q843,Pakistan,male,https://en.wikipedia.org/wiki/Muhammad_Iqbal_Choudhary
http://www.wikidata.org/entity/Q15983600,Muhammad Iqbal Choudhary,http://www.wikidata.org/entity/Q843,Pakistan,male,https://bn.wikipedia.org/wiki/%E0%A6%AE%E0%A7%81%E0%A6%B9%E0%A6%BE%E0%A6%AE%E0%A7%8D%E0%A6%AE%E0%A6%A6_%E0%A6%87%E0%A6%95%E0%A6%AC%E0%A6%BE%E0%A6%B2_%E0%A6%9A%E0%A7%8C%E0%A6%A7%E0%A7%81%E0%A6%B0%E0%A7%80
http://www.wikidata.org/entity/Q15983600,Muhammad Iqbal Choudhary,http://www.wikidata.org/entity/Q843,Pakistan,male,https://fa.wikipedia.org/wiki/%D9%85%D8%AD%D9%85%D8%AF_%D8%A7%D9%82%D8%A8%D8%A7%D9%84_%DA%86%D9%88%D8%AF%D9%87%D8%B1%DB%8C
http://www.wikidata.org/entity/Q16346139,Moyukh Chowdhury,http://www.wikidata.org/entity/Q843,Pakistan,male,https://en.wikipedia.org/wiki/Moyukh_Chowdhury
http://www.wikidata.org/entity/Q16346139,Moyukh Chowdhury,http://www.wikidata.org/entity/Q843,Pakistan,male,https://bn.wikipedia.org/wiki/%E0%A6%AE%E0%A6%AF%E0%A6%BC%E0%A7%81%E0%A6%96_%E0%A6%9A%E0%A7%8C%E0%A6%A7%E0%A7%81%E0%A6%B0%E0%A7%80_(%E0%A6%95%E0%A6%AC%E0%A6%BF)
http://www.wikidata.org/entity/Q18187044,Ghulam Rabbani Agro,http://www.wikidata.org/entity/Q843,Pakistan,male,https://en.wikipedia.org/wiki/Ghulam_Rabbani_Agro
http://www.wikidata.org/entity/Q18187044,Ghulam Rabbani Agro,http://www.wikidata.org/entity/Q843,Pakistan,male,https://sd.wikipedia.org/wiki/%D8%BA%D9%84%D8%A7%D9%85_%D8%B1%D8%A8%D8%A7%D9%86%D9%8A_%D8%A2%DA%AF%D8%B1%D9%88
http://www.wikidata.org/entity/Q18187044,Ghulam Rabbani Agro,http://www.wikidata.org/entity/Q843,Pakistan,male,https://ur.wikipedia.org/wiki/%D8%BA%D9%84%D8%A7%D9%85_%D8%B1%D8%A8%D8%A7%D9%86%DB%8C_%D8%A2%DA%AF%D8%B1%D9%88
http://www.wikidata.org/entity/Q19667391,Farida Shaheed,http://www.wikidata.org/entity/Q843,Pakistan,female,https://en.wikipedia.org/wiki/Farida_Shaheed
http://www.wikidata.org/entity/Q19667391,Farida Shaheed,http://www.wikidata.org/entity/Q843,Pakistan,female,https://ca.wikipedia.org/wiki/Farida_Shaheed
http://www.wikidata.org/entity/Q19667391,Farida Shaheed,http://www.wikidata.org/entity/Q843,Pakistan,female,https://de.wikipedia.org/wiki/Farida_Shaheed
http://www.wikidata.org/entity/Q19667391,Farida Shaheed,http://www.wikidata.org/entity/Q843,Pakistan,female,https://es.wikipedia.org/wiki/Farida_Shaheed
http://www.wikidata.org/entity/Q19667391,Farida Shaheed,http://www.wikidata.org/entity/Q843,Pakistan,female,https://he.wikipedia.org/wiki/%D7%A4%D7%90%D7%A8%D7%99%D7%93%D7%94_%D7%A9%D7%94%D7%99%D7%93
http://www.wikidata.org/entity/Q19667391,Farida Shaheed,http://www.wikidata.org/entity/Q843,Pakistan,female,https://hy.wikipedia.org/wiki/%D5%96%D5%A1%D6%80%D5%AB%D5%A4%D5%A1_%D5%87%D5%A1%D5%B0%D5%AB%D5%A4
http://www.wikidata.org/entity/Q19667391,Farida Shaheed,http://www.wikidata.org/entity/Q843,Pakistan,female,https://ja.wikipedia.org/wiki/%E3%83%95%E3%82%A1%E3%83%AA%E3%83%80%E3%83%BB%E3%82%B7%E3%83%A3%E3%83%92%E3%83%BC%E3%83%89
http://www.wikidata.org/entity/Q19667391,Farida Shaheed,http://www.wikidata.org/entity/Q843,Pakistan,female,https://pa.wikipedia.org/wiki/%E0%A8%AB%E0%A8%B0%E0%A9%80%E0%A8%A6%E0%A8%BE_%E0%A8%B8%E0%A8%BC%E0%A8%B9%E0%A9%80%E0%A8%A6
http://www.wikidata.org/entity/Q19667391,Farida Shaheed,http://www.wikidata.org/entity/Q843,Pakistan,female,https://pnb.wikipedia.org/wiki/%D9%81%D8%B1%DB%8C%D8%AF%DB%81_%D8%B4%DB%81%DB%8C%D8%AF
http://www.wikidata.org/entity/Q19667391,Farida Shaheed,http://www.wikidata.org/entity/Q843,Pakistan,female,https://ta.wikipedia.org/wiki/%E0%AE%AA%E0%AE%B0%E0%AF%80%E0%AE%A4%E0%AE%BE_%E0%AE%9A%E0%AE%BE%E0%AE%95%E0%AF%80%E0%AE%A4%E0%AF%8D
http://www.wikidata.org/entity/Q19667391,Farida Shaheed,http://www.wikidata.org/entity/Q843,Pakistan,female,https://ur.wikipedia.org/wiki/%D9%81%D8%B1%DB%8C%D8%AF%DB%81_%D8%B4%DB%81%DB%8C%D8%AF
http://www.wikidata.org/entity/Q19667391,Farida Shaheed,http://www.wikidata.org/entity/Q843,Pakistan,female,https://uz.wikipedia.org/wiki/Farida_Shahid
http://www.wikidata.org/entity/Q20565388,ALLAMA SAIM CHISHTI,http://www.wikidata.org/entity/Q843,Pakistan,male,https://pnb.wikipedia.org/wiki/%D8%B5%D8%A7%D8%A6%D9%85_%DA%86%D8%B4%D8%AA%DB%8C
http://www.wikidata.org/entity/Q20565388,ALLAMA SAIM CHISHTI,http://www.wikidata.org/entity/Q843,Pakistan,male,https://ur.wikipedia.org/wiki/%D8%B5%D8%A7%D8%A6%D9%85_%DA%86%D8%B4%D8%AA%DB%8C
http://www.wikidata.org/entity/Q20571866,G̲h̲ulām Jīlānī Barq,http://www.wikidata.org/entity/Q843,Pakistan,male,https://en.wikipedia.org/wiki/Ghulam_Jilani_Barq
http://www.wikidata.org/entity/Q20571866,G̲h̲ulām Jīlānī Barq,http://www.wikidata.org/entity/Q843,Pakistan,male,https://hi.wikipedia.org/wiki/%E0%A4%97%E0%A4%BC%E0%A5%81%E0%A4%B2%E0%A4%BE%E0%A4%AE_%E0%A4%9C%E0%A4%BF%E0%A4%B2%E0%A4%BE%E0%A4%A8%E0%A5%80_%E0%A4%AC%E0%A4%B0%E0%A5%8D%E0%A4%95%E0%A4%BC
http://www.wikidata.org/entity/Q20571866,G̲h̲ulām Jīlānī Barq,http://www.wikidata.org/entity/Q843,Pakistan,male,https://ur.wikipedia.org/wiki/%D8%BA%D9%84%D8%A7%D9%85_%D8%AC%DB%8C%D9%84%D8%A7%D9%86%DB%8C_%D8%A8%D8%B1%D9%82
http://www.wikidata.org/entity/Q21866971,Q21866971,http://www.wikidata.org/entity/Q843,Pakistan,male,https://pnb.wikipedia.org/wiki/%D8%A7%D8%A8%D9%88_%D8%A7%D9%84%D8%AC%D9%84%D8%A7%D9%84_%D9%86%D8%AF%D9%88%DB%8C
http://www.wikidata.org/entity/Q21866971,Q21866971,http://www.wikidata.org/entity/Q843,Pakistan,male,https://ur.wikipedia.org/wiki/%D8%A7%D8%A8%D9%88_%D8%A7%D9%84%D8%AC%D9%84%D8%A7%D9%84_%D9%86%D8%AF%D9%88%DB%8C
http://www.wikidata.org/entity/Q22076743,Dr. Memon Abdul Majeed Sindh,http://www.wikidata.org/entity/Q843,Pakistan,male,https://ur.wikipedia.org/wiki/%D9%85%DB%8C%D9%85%D9%86_%D8%B9%D8%A8%D8%AF_%D8%A7%D9%84%D9%85%D8%AC%DB%8C%D8%AF_%D8%B3%D9%86%D8%AF%DA%BE%DB%8C
http://www.wikidata.org/entity/Q22928326,Q22928326,http://www.wikidata.org/entity/Q843,Pakistan,,https://ur.wikipedia.org/wiki/%D8%A7%D8%A8%D9%86_%D8%AD%D9%86%DB%8C%D9%81
http://www.wikidata.org/entity/Q22928326,Q22928326,http://www.wikidata.org/entity/Q843,Pakistan,,https://skr.wikipedia.org/wiki/%D8%A7%D8%A8%D9%86%D9%90_%D8%AD%D9%86%DB%8C%D9%81
http://www.wikidata.org/entity/Q23057593,Jilani Kamran,http://www.wikidata.org/entity/Q843,Pakistan,male,https://en.wikipedia.org/wiki/Jilani_Kamran
http://www.wikidata.org/entity/Q23057593,Jilani Kamran,http://www.wikidata.org/entity/Q843,Pakistan,male,https://fa.wikipedia.org/wiki/%D8%AC%DB%8C%D9%84%D8%A7%D9%86%DB%8C_%DA%A9%D8%A7%D9%85%D8%B1%D8%A7%D9%86
http://www.wikidata.org/entity/Q23057593,Jilani Kamran,http://www.wikidata.org/entity/Q843,Pakistan,male,https://pnb.wikipedia.org/wiki/%D8%AC%DB%8C%D9%84%D8%A7%D9%86%DB%8C_%DA%A9%D8%A7%D9%85%D8%B1%D8%A7%D9%86
http://www.wikidata.org/entity/Q23057593,Jilani Kamran,http://www.wikidata.org/entity/Q843,Pakistan,male,https://ur.wikipedia.org/wiki/%D8%AC%DB%8C%D9%84%D8%A7%D9%86%DB%8C_%DA%A9%D8%A7%D9%85%D8%B1%D8%A7%D9%86
http://www.wikidata.org/entity/Q23308244,Q23308244,http://www.wikidata.org/entity/Q843,Pakistan,male,https://pnb.wikipedia.org/wiki/%D8%B3%D8%AC%D8%A7%D8%AF_%D8%A8%D8%A7%D9%82%D8%B1_%D8%B1%D8%B6%D9%88%DB%8C
http://www.wikidata.org/entity/Q23308244,Q23308244,http://www.wikidata.org/entity/Q843,Pakistan,male,https://ur.wikipedia.org/wiki/%D8%B3%D8%AC%D8%A7%D8%AF_%D8%A8%D8%A7%D9%82%D8%B1_%D8%B1%D8%B6%D9%88%DB%8C
http://www.wikidata.org/entity/Q23418892,Syed Akhter Hossain,http://www.wikidata.org/entity/Q843,Pakistan,male,https://en.wikipedia.org/wiki/Syed_Akhter_Hossain
http://www.wikidata.org/entity/Q23418892,Syed Akhter Hossain,http://www.wikidata.org/entity/Q843,Pakistan,male,https://bn.wikipedia.org/wiki/%E0%A6%B8%E0%A7%88%E0%A6%AF%E0%A6%BC%E0%A6%A6_%E0%A6%86%E0%A6%95%E0%A7%8D%E0%A6%A4%E0%A6%BE%E0%A6%B0_%E0%A6%B9%E0%A7%8B%E0%A6%B8%E0%A7%87%E0%A6%A8
http://www.wikidata.org/entity/Q23651041,Farigh Bukhari,http://www.wikidata.org/entity/Q843,Pakistan,male,https://en.wikipedia.org/wiki/Farigh_Bukhari
http://www.wikidata.org/entity/Q23651041,Farigh Bukhari,http://www.wikidata.org/entity/Q843,Pakistan,male,https://pnb.wikipedia.org/wiki/%D9%81%D8%A7%D8%B1%D8%BA_%D8%A8%D8%AE%D8%A7%D8%B1%DB%8C
http://www.wikidata.org/entity/Q23651041,Farigh Bukhari,http://www.wikidata.org/entity/Q843,Pakistan,male,https://ur.wikipedia.org/wiki/%D9%81%D8%A7%D8%B1%D8%BA_%D8%A8%D8%AE%D8%A7%D8%B1%DB%8C
http://www.wikidata.org/entity/Q23771258,Karunamoy Goswami,http://www.wikidata.org/entity/Q843,Pakistan,male,https://en.wikipedia.org/wiki/Karunamaya_Goswami
http://www.wikidata.org/entity/Q23771258,Karunamoy Goswami,http://www.wikidata.org/entity/Q843,Pakistan,male,https://bn.wikipedia.org/wiki/%E0%A6%95%E0%A6%B0%E0%A7%81%E0%A6%A3%E0%A6%BE%E0%A6%AE%E0%A6%AF%E0%A6%BC_%E0%A6%97%E0%A7%8B%E0%A6%B8%E0%A7%8D%E0%A6%AC%E0%A6%BE%E0%A6%AE%E0%A7%80
http://www.wikidata.org/entity/Q23779774,Q23779774,http://www.wikidata.org/entity/Q843,Pakistan,male,https://ur.wikipedia.org/wiki/%D9%82%D8%AF%D8%B1%D8%AA_%D9%86%D9%82%D9%88%DB%8C
http://www.wikidata.org/entity/Q23809219,Q23809219,http://www.wikidata.org/entity/Q843,Pakistan,male,https://ur.wikipedia.org/wiki/%D9%82%D8%A7%D8%B6%DB%8C_%D8%A7%D8%AD%D9%85%D8%AF_%D9%85%DB%8C%D8%A7%DA%BA_%D8%A7%D8%AE%D8%AA%D8%B1_%D8%AC%D9%88%D9%86%D8%A7%DA%AF%DA%91%DA%BE%DB%8C
http://www.wikidata.org/entity/Q23894267,Faqīr Muḥammad Faqīr,http://www.wikidata.org/entity/Q843,Pakistan,male,https://pnb.wikipedia.org/wiki/%D9%81%D9%82%DB%8C%D8%B1_%D9%85%D8%AD%D9%85%D8%AF_%D9%81%D9%82%DB%8C%D8%B1
http://www.wikidata.org/entity/Q23894267,Faqīr Muḥammad Faqīr,http://www.wikidata.org/entity/Q843,Pakistan,male,https://ur.wikipedia.org/wiki/%D9%81%D9%82%DB%8C%D8%B1_%D9%85%D8%AD%D9%85%D8%AF_%D9%81%D9%82%DB%8C%D8%B1
http://www.wikidata.org/entity/Q23978432,Nawaz Ali Shoq,http://www.wikidata.org/entity/Q843,Pakistan,male,https://ur.wikipedia.org/wiki/%D9%86%D9%88%D8%A7%D8%B2_%D8%B9%D9%84%DB%8C_%D8%B4%D9%88%D9%82
http://www.wikidata.org/entity/Q24189009,Mumtaz Ahmad,http://www.wikidata.org/entity/Q843,Pakistan,male,https://ur.wikipedia.org/wiki/%DA%88%D8%A7%DA%A9%D9%B9%D8%B1_%D9%85%D9%85%D8%AA%D8%A7%D8%B2_%D8%A7%D8%AD%D9%85%D8%AF
http://www.wikidata.org/entity/Q24247439,Jaleel Qidwai,http://www.wikidata.org/entity/Q843,Pakistan,male,https://pnb.wikipedia.org/wiki/%D8%AC%D9%84%DB%8C%D9%84_%D9%82%D8%AF%D9%88%D8%A7%D8%A6%DB%8C
http://www.wikidata.org/entity/Q24247439,Jaleel Qidwai,http://www.wikidata.org/entity/Q843,Pakistan,male,https://ur.wikipedia.org/wiki/%D8%AC%D9%84%DB%8C%D9%84_%D9%82%D8%AF%D9%88%D8%A7%D8%A6%DB%8C
http://www.wikidata.org/entity/Q24346571,Naẓīr Ṣiddīqī,http://www.wikidata.org/entity/Q843,Pakistan,male,https://ur.wikipedia.org/wiki/%D9%86%D8%B8%DB%8C%D8%B1_%D8%B5%D8%AF%DB%8C%D9%82%DB%8C
http://www.wikidata.org/entity/Q24566043,Ahmad Shamsul Islam,http://www.wikidata.org/entity/Q843,Pakistan,male,https://en.wikipedia.org/wiki/Ahmad_Shamsul_Islam
http://www.wikidata.org/entity/Q24566043,Ahmad Shamsul Islam,http://www.wikidata.org/entity/Q843,Pakistan,male,https://bn.wikipedia.org/wiki/%E0%A6%86%E0%A6%B9%E0%A6%AE%E0%A6%A6_%E0%A6%B6%E0%A6%BE%E0%A6%AE%E0%A6%B8%E0%A7%81%E0%A6%B2_%E0%A6%87%E0%A6%B8%E0%A6%B2%E0%A6%BE%E0%A6%AE
http://www.wikidata.org/entity/Q24641048,Q24641048,http://www.wikidata.org/entity/Q843,Pakistan,male,https://ur.wikipedia.org/wiki/%D8%AE%D9%84%DB%8C%D9%84_%D8%A7%D9%84%D8%B1%D8%AD%D9%85%D8%A7%D9%86_%D8%AF%D8%A7%D8%A4%D8%AF%DB%8C
http://www.wikidata.org/entity/Q21388323,Fatima Ali Mohammad,http://www.wikidata.org/entity/Q843,Pakistan,female,
http://www.wikidata.org/entity/Q25834951,Zubair Ahmed,http://www.wikidata.org/entity/Q843,Pakistan,male,
http://www.wikidata.org/entity/Q26761681,Nadia Fatima,http://www.wikidata.org/entity/Q843,Pakistan,female,
http://www.wikidata.org/entity/Q28856332,Mishkat Ullah,http://www.wikidata.org/entity/Q843,Pakistan,male,
http://www.wikidata.org/entity/Q42398909,Ijaz Hussain,http://www.wikidata.org/entity/Q843,Pakistan,male,
http://www.wikidata.org/entity/Q42758096,M. A. Rehman Siddiqui,http://www.wikidata.org/entity/Q843,Pakistan,,
http://www.wikidata.org/entity/Q42854161,Iqbal Ahmad,http://www.wikidata.org/entity/Q843,Pakistan,male,
http://www.wikidata.org/entity/Q53800474,Anwarul-Hassan Gilani,http://www.wikidata.org/entity/Q843,Pakistan,male,
http://www.wikidata.org/entity/Q55240521,Kanwal Rehman,http://www.wikidata.org/entity/Q843,Pakistan,female,
http://www.wikidata.org/entity/Q55590442,Ahmed Zia,http://www.wikidata.org/entity/Q843,Pakistan,male,
http://www.wikidata.org/entity/Q55709021,Fouzia Sadiq,http://www.wikidata.org/entity/Q843,Pakistan,female,
http://www.wikidata.org/entity/Q56706915,Teepu Siddique,http://www.wikidata.org/entity/Q843,Pakistan,male,
http://www.wikidata.org/entity/Q56826555,Sulaiman Shams,http://www.wikidata.org/entity/Q843,Pakistan,male,
http://www.wikidata.org/entity/Q57025790,Gul Shahnaz,http://www.wikidata.org/entity/Q843,Pakistan,female,
http://www.wikidata.org/entity/Q57493743,Tahir Mahmood,http://www.wikidata.org/entity/Q843,Pakistan,male,
http://www.wikidata.org/entity/Q57760809,Amjad Iqbal,http://www.wikidata.org/entity/Q843,Pakistan,male,
http://www.wikidata.org/entity/Q57901118,Munir Humayun,http://www.wikidata.org/entity/Q843,Pakistan,male,
http://www.wikidata.org/entity/Q57909956,Aisha Jalil,http://www.wikidata.org/entity/Q843,Pakistan,female,
http://www.wikidata.org/entity/Q58863036,Amna Jabbar Siddiqui,http://www.wikidata.org/entity/Q843,Pakistan,female,
http://www.wikidata.org/entity/Q59197011,Mufassra Naz,http://www.wikidata.org/entity/Q843,Pakistan,female,
http://www.wikidata.org/entity/Q59416192,Shafqat Hussain,http://www.wikidata.org/entity/Q843,Pakistan,male,
http://www.wikidata.org/entity/Q59560114,Junaid Qadir,http://www.wikidata.org/entity/Q843,Pakistan,male,
http://www.wikidata.org/entity/Q59686257,Muhammad Hamayun,http://www.wikidata.org/entity/Q843,Pakistan,male,
http://www.wikidata.org/entity/Q61054465,Mujahid Abbas,http://www.wikidata.org/entity/Q843,Pakistan,male,
http://www.wikidata.org/entity/Q61101554,Hira Abdul Razzak,http://www.wikidata.org/entity/Q843,Pakistan,female,
http://www.wikidata.org/entity/Q61986869,Sabir Khan,http://www.wikidata.org/entity/Q843,Pakistan,male,
http://www.wikidata.org/entity/Q64010433,Robina Begum,http://www.wikidata.org/entity/Q843,Pakistan,female,
http://www.wikidata.org/entity/Q64020359,Nawaz Haider Bashir,http://www.wikidata.org/entity/Q843,Pakistan,male,
http://www.wikidata.org/entity/Q64778843,Teepu Siddique,http://www.wikidata.org/entity/Q843,Pakistan,male,
http://www.wikidata.org/entity/Q66879974,Jehangir Khan,http://www.wikidata.org/entity/Q843,Pakistan,male,
http://www.wikidata.org/entity/Q66911777,Muhammad Nasimullah Qureshi,http://www.wikidata.org/entity/Q843,Pakistan,male,
http://www.wikidata.org/entity/Q67165062,Abdul Haseeb Malik,http://www.wikidata.org/entity/Q843,Pakistan,male,
http://www.wikidata.org/entity/Q79411171,Karam Haideri,http://www.wikidata.org/entity/Q843,Pakistan,male,
http://www.wikidata.org/entity/Q81799924,Haseen Fatima,http://www.wikidata.org/entity/Q843,Pakistan,female,
http://www.wikidata.org/entity/Q84348704,Naila Safdar,http://www.wikidata.org/entity/Q843,Pakistan,female,
http://www.wikidata.org/entity/Q85640577,Tariq Aziz,http://www.wikidata.org/entity/Q843,Pakistan,male,
http://www.wikidata.org/entity/Q86971436,Amber Osman,http://www.wikidata.org/entity/Q843,Pakistan,female,
http://www.wikidata.org/entity/Q87430286,Shah Fahad,http://www.wikidata.org/entity/Q843,Pakistan,male,
http://www.wikidata.org/entity/Q87756226,Wajahat Ali,http://www.wikidata.org/entity/Q843,Pakistan,male,
http://www.wikidata.org/entity/Q88463095,Ruqaiya Khalil,http://www.wikidata.org/entity/Q843,Pakistan,female,
http://www.wikidata.org/entity/Q88963382,Syed Shabbir Ahmad Kakakhail,http://www.wikidata.org/entity/Q843,Pakistan,male,
http://www.wikidata.org/entity/Q89868718,Muhammad Ali Nawaz,http://www.wikidata.org/entity/Q843,Pakistan,male,
http://www.wikidata.org/entity/Q90023556,Haleema Sadia Qureshi,http://www.wikidata.org/entity/Q843,Pakistan,female,
http://www.wikidata.org/entity/Q90174777,Sehrish Zaffar,http://www.wikidata.org/entity/Q843,Pakistan,female,
http://www.wikidata.org/entity/Q90381756,Muhammad Shahzad,http://www.wikidata.org/entity/Q843,Pakistan,male,
http://www.wikidata.org/entity/Q90993643,Quratulan Ahmed,http://www.wikidata.org/entity/Q843,Pakistan,female,
http://www.wikidata.org/entity/Q91456268,Ejaz Ahmad,http://www.wikidata.org/entity/Q843,Pakistan,male,
http://www.wikidata.org/entity/Q91705507,Alap Ali Zahid,http://www.wikidata.org/entity/Q843,Pakistan,male,
http://www.wikidata.org/entity/Q91731658,Farooq Anwar,http://www.wikidata.org/entity/Q843,Pakistan,male,
http://www.wikidata.org/entity/Q91917199,Naeem Mubarak,http://www.wikidata.org/entity/Q843,Pakistan,male,
http://www.wikidata.org/entity/Q92011322,Nadia Adnan,http://www.wikidata.org/entity/Q843,Pakistan,female,
http://www.wikidata.org/entity/Q92216084,Daniyal Gohar,http://www.wikidata.org/entity/Q843,Pakistan,male,
http://www.wikidata.org/entity/Q92237729,Ayesha Imtiyaz Cheema,http://www.wikidata.org/entity/Q843,Pakistan,female,
http://www.wikidata.org/entity/Q92241232,Hasan Ali Khattak,http://www.wikidata.org/entity/Q843,Pakistan,male,
http://www.wikidata.org/entity/Q92674577,Mehwish Taneez,http://www.wikidata.org/entity/Q843,Pakistan,female,
http://www.wikidata.org/entity/Q92713289,Ayesha Kausar,http://www.wikidata.org/entity/Q843,Pakistan,female,
http://www.wikidata.org/entity/Q92713289,Ayesha Kausar,http://www.wikidata.org/entity/Q843,Pakistan,female,
http://www.wikidata.org/entity/Q92717126,Mohammad Rehan,http://www.wikidata.org/entity/Q843,Pakistan,male,
http://www.wikidata.org/entity/Q94554103,Saima Muzammil,http://www.wikidata.org/entity/Q843,Pakistan,female,
http://www.wikidata.org/entity/Q95601067,Farhan Saif,http://www.wikidata.org/entity/Q843,Pakistan,male,
http://www.wikidata.org/entity/Q95853774,Shaista Qamar,http://www.wikidata.org/entity/Q843,Pakistan,female,
http://www.wikidata.org/entity/Q96184132,Imran Khan,http://www.wikidata.org/entity/Q843,Pakistan,male,
http://www.wikidata.org/entity/Q96192789,Zahid Hussain,http://www.wikidata.org/entity/Q843,Pakistan,male,
http://www.wikidata.org/entity/Q96431861,Memoona Arshad,http://www.wikidata.org/entity/Q843,Pakistan,female,
http://www.wikidata.org/entity/Q98177057,Mehdi Hassan,http://www.wikidata.org/entity/Q843,Pakistan,,
http://www.wikidata.org/entity/Q99351316,Zill-E Huma,http://www.wikidata.org/entity/Q843,Pakistan,female,
http://www.wikidata.org/entity/Q99612052,S R Abbas,http://www.wikidata.org/entity/Q843,Pakistan,male,
http://www.wikidata.org/entity/Q99617901,Saima Naz,http://www.wikidata.org/entity/Q843,Pakistan,female,
http://www.wikidata.org/entity/Q100725856,Sadar Aslam,http://www.wikidata.org/entity/Q843,Pakistan,female,
http://www.wikidata.org/entity/Q105259501,Omer Shehzad,http://www.wikidata.org/entity/Q843,Pakistan,male,
http://www.wikidata.org/entity/Q105685569,Yasir Kundi,http://www.wikidata.org/entity/Q843,Pakistan,male,
http://www.wikidata.org/entity/Q106867476,Muaz Razaq,http://www.wikidata.org/entity/Q843,Pakistan,male,
http://www.wikidata.org/entity/Q107742551,Qadeer Mohammad Ali,http://www.wikidata.org/entity/Q843,Pakistan,male,
http://www.wikidata.org/entity/Q108179319,Saba Gul Khattak,http://www.wikidata.org/entity/Q843,Pakistan,female,
http://www.wikidata.org/entity/Q108767992,Ghazala H. Rizwani,http://www.wikidata.org/entity/Q843,Pakistan,female,
http://www.wikidata.org/entity/Q110423043,Aman Ullah,http://www.wikidata.org/entity/Q843,Pakistan,male,
http://www.wikidata.org/entity/Q110542620,Qazi Muhammad Saqib,http://www.wikidata.org/entity/Q843,Pakistan,male,
http://www.wikidata.org/entity/Q110818269,Shah Haidar Khan,http://www.wikidata.org/entity/Q843,Pakistan,male,
http://www.wikidata.org/entity/Q111549321,Ziaullah Khan Jadoon,http://www.wikidata.org/entity/Q843,Pakistan,male,
http://www.wikidata.org/entity/Q111599590,Jazib Kaleem,http://www.wikidata.org/entity/Q843,Pakistan,male,
http://www.wikidata.org/entity/Q111628661,Nasira Khatoon,http://www.wikidata.org/entity/Q843,Pakistan,female,
http://www.wikidata.org/entity/Q111659308,Abdul Rashid Khan,http://www.wikidata.org/entity/Q843,Pakistan,male,
http://www.wikidata.org/entity/Q113265364,Rizwan Nasir Paracha,http://www.wikidata.org/entity/Q843,Pakistan,male,
http://www.wikidata.org/entity/Q113579062,Siraj ul Islam Hanif,http://www.wikidata.org/entity/Q843,Pakistan,male,
http://www.wikidata.org/entity/Q113729136,Farhat Taj,http://www.wikidata.org/entity/Q843,Pakistan,female,
http://www.wikidata.org/entity/Q113808985,Muhammad Amir Rana,http://www.wikidata.org/entity/Q843,Pakistan,male,
http://www.wikidata.org/entity/Q114336724,Qurat Ul Ain Khan,http://www.wikidata.org/entity/Q843,Pakistan,female,
http://www.wikidata.org/entity/Q114535144,Mehwish Younas,http://www.wikidata.org/entity/Q843,Pakistan,female,
http://www.wikidata.org/entity/Q114645589,Irshad Khan Mohmand,http://www.wikidata.org/entity/Q843,Pakistan,male,
http://www.wikidata.org/entity/Q114734111,Kamran Habib,http://www.wikidata.org/entity/Q843,Pakistan,male,
http://www.wikidata.org/entity/Q114734139,Rizwana Zulfiqar,http://www.wikidata.org/entity/Q843,Pakistan,female,
http://www.wikidata.org/entity/Q114777850,Zoobia Ameer,http://www.wikidata.org/entity/Q843,Pakistan,female,
http://www.wikidata.org/entity/Q114883876,Iram Fayyaz,http://www.wikidata.org/entity/Q843,Pakistan,female,
http://www.wikidata.org/entity/Q115466768,Saeed Ahmad Khan,http://www.wikidata.org/entity/Q843,Pakistan,male,
http://www.wikidata.org/entity/Q115569991,Ghulam Samad,http://www.wikidata.org/entity/Q843,Pakistan,male,
http://www.wikidata.org/entity/Q115861850,Shah Qasim Jan,http://www.wikidata.org/entity/Q843,Pakistan,male,
http://www.wikidata.org/entity/Q116127861,Fatima Iftikhar,http://www.wikidata.org/entity/Q843,Pakistan,female,
http://www.wikidata.org/entity/Q116373073,Badrul Hakim Hakimzai,http://www.wikidata.org/entity/Q843,Pakistan,male,
http://www.wikidata.org/entity/Q119677883,Omar Javaid,http://www.wikidata.org/entity/Q843,Pakistan,male,
http://www.wikidata.org/entity/Q123050216,Tariq Pathan,http://www.wikidata.org/entity/Q843,Pakistan,male,
http://www.wikidata.org/entity/Q123784136,Mohsan Ali,http://www.wikidata.org/entity/Q843,Pakistan,male,
http://www.wikidata.org/entity/Q123860049,Abdul Aziz,http://www.wikidata.org/entity/Q843,Pakistan,male,
http://www.wikidata.org/entity/Q124003667,Umair Ahmed,http://www.wikidata.org/entity/Q843,Pakistan,male,
http://www.wikidata.org/entity/Q124039569,Abdul Samad,http://www.wikidata.org/entity/Q843,Pakistan,male,
http://www.wikidata.org/entity/Q124300626,Midhat Ali,http://www.wikidata.org/entity/Q843,Pakistan,male,
http://www.wikidata.org/entity/Q124438263,Aniqa Rehman,http://www.wikidata.org/entity/Q843,Pakistan,female,
http://www.wikidata.org/entity/Q124727020,Yaseen Iqbal Yousafzai,http://www.wikidata.org/entity/Q843,Pakistan,male,
http://www.wikidata.org/entity/Q125256565,Shazia Iqbal,http://www.wikidata.org/entity/Q843,Pakistan,female,
http://www.wikidata.org/entity/Q126903458,Quddusi Bashir Kazmi,http://www.wikidata.org/entity/Q843,Pakistan,female,
http://www.wikidata.org/entity/Q129515731,Shaikh Mohammad Bokhtiar,http://www.wikidata.org/entity/Q843,Pakistan,male,
http://www.wikidata.org/entity/Q130986949,Ayesha Afzal,http://www.wikidata.org/entity/Q843,Pakistan,female,
http://www.wikidata.org/entity/Q131036463,Aisha Umar,http://www.wikidata.org/entity/Q843,Pakistan,female,
http://www.wikidata.org/entity/Q131340056,Azeema Cheema,http://www.wikidata.org/entity/Q843,Pakistan,female,
http://www.wikidata.org/entity/Q131927648,Zarish George,http://www.wikidata.org/entity/Q843,Pakistan,,
http://www.wikidata.org/entity/Q132125773,Rukhshanda Abdur Rehman,http://www.wikidata.org/entity/Q843,Pakistan,female,
http://www.wikidata.org/entity/Q133370360,Q133370360,http://www.wikidata.org/entity/Q843,Pakistan,female,
http://www.wikidata.org/entity/Q133371176,Q133371176,http://www.wikidata.org/entity/Q843,Pakistan,female,
http://www.wikidata.org/entity/Q133371793,Q133371793,http://www.wikidata.org/entity/Q843,Pakistan,female,
http://www.wikidata.org/entity/Q133618040,Q133618040,http://www.wikidata.org/entity/Q843,Pakistan,female,
http://www.wikidata.org/entity/Q134602448,Fatima Anwar,http://www.wikidata.org/entity/Q843,Pakistan,female,
http://www.wikidata.org/entity/Q134602457,Azka Naeem,http://www.wikidata.org/entity/Q843,Pakistan,female,
http://www.wikidata.org/entity/Q134602472,Saira Safdar,http://www.wikidata.org/entity/Q843,Pakistan,female,
http://www.wikidata.org/entity/Q134602481,Zoon Ahmed Khan,http://www.wikidata.org/entity/Q843,Pakistan,female,
http://www.wikidata.org/entity/Q134602589,Asfa Batool,http://www.wikidata.org/entity/Q843,Pakistan,female,
http://www.wikidata.org/entity/Q134602611,Sarah Mazhar,http://www.wikidata.org/entity/Q843,Pakistan,female,
http://www.wikidata.org/entity/Q134602632,Mariam Shah,http://www.wikidata.org/entity/Q843,Pakistan,female,
http://www.wikidata.org/entity/Q134602638,Roohi Bano Abid,http://www.wikidata.org/entity/Q843,Pakistan,female,
http://www.wikidata.org/entity/Q134602672,Mariah Lookman,http://www.wikidata.org/entity/Q843,Pakistan,female,
http://www.wikidata.org/entity/Q134602676,Reema Shaukat,http://www.wikidata.org/entity/Q843,Pakistan,female,
http://www.wikidata.org/entity/Q134602722,Farhat Asif,http://www.wikidata.org/entity/Q843,Pakistan,female,
http://www.wikidata.org/entity/Q134608067,Sara Malkani,http://www.wikidata.org/entity/Q843,Pakistan,female,
http://www.wikidata.org/entity/Q134623416,Sumaira Rehman,http://www.wikidata.org/entity/Q843,Pakistan,female,
http://www.wikidata.org/entity/Q135211328,Hira Khalid,http://www.wikidata.org/entity/Q843,Pakistan,female,
http://www.wikidata.org/entity/Q135211475,Varisha Khan,http://www.wikidata.org/entity/Q843,Pakistan,female,
http://www.wikidata.org/entity/Q135211475,Varisha Khan,http://www.wikidata.org/entity/Q843,Pakistan,female,
http://www.wikidata.org/entity/Q135937956,Anas Razzaq,http://www.wikidata.org/entity/Q843,Pakistan,male,
http://www.wikidata.org/entity/Q136438413,Dr Muhammad Amjad,http://www.wikidata.org/entity/Q843,Pakistan,male,
http://www.wikidata.org/entity/Q136680136,Nasir Razzaq,http://www.wikidata.org/entity/Q843,Pakistan,male,
http://www.wikidata.org/entity/Q136700747,Mufti Ghulam Qadir Nomani,http://www.wikidata.org/entity/Q843,Pakistan,male,
http://www.wikidata.org/entity/Q137364159,Muhammad Tahir Hayat,http://www.wikidata.org/entity/Q843,Pakistan,,
http://www.wikidata.org/entity/Q138498663,Wahab Maqbool,http://www.wikidata.org/entity/Q843,Pakistan,,
http://www.wikidata.org/entity/Q138502378,Hira Wahab,http://www.wikidata.org/entity/Q843,Pakistan,,
http://www.wikidata.org/entity/Q138661080,Maira Zulfiqar,http://www.wikidata.org/entity/Q843,Pakistan,female,
http://www.wikidata.org/entity/Q138683162,Mofida Begum,http://www.wikidata.org/entity/Q843,Pakistan,female,
http://www.wikidata.org/entity/Q138835341,Ayesha Shahid,http://www.wikidata.org/entity/Q843,Pakistan,female,
http://www.wikidata.org/entity/Q138858334,Nosheen Fatima Rana,http://www.wikidata.org/entity/Q843,Pakistan,female,
http://www.wikidata.org/entity/Q138860785,Seema Jilani,http://www.wikidata.org/entity/Q843,Pakistan,female,
http://www.wikidata.org/entity/Q138861240,Salma Hasan,http://www.wikidata.org/entity/Q843,Pakistan,female,
http://www.wikidata.org/entity/Q138906147,Nazia Perveen,http://www.wikidata.org/entity/Q843,Pakistan,female,
http://www.wikidata.org/entity/Q138906267,Amina Niazi,http://www.wikidata.org/entity/Q843,Pakistan,female,
http://www.wikidata.org/entity/Q138939026,Zill-e-Huma,http://www.wikidata.org/entity/Q843,Pakistan,female,
http://www.wikidata.org/entity/Q138939468,Samia Hanif,http://www.wikidata.org/entity/Q843,Pakistan,female,
http://www.wikidata.org/entity/Q138949702,Rashida Qureshi,http://www.wikidata.org/entity/Q843,Pakistan,female,
http://www.wikidata.org/entity/Q138950940,Ayesha Tasleem-Tahir,http://www.wikidata.org/entity/Q843,Pakistan,female,
http://www.wikidata.org/entity/Q139434349,Faiza Bashir,http://www.wikidata.org/entity/Q843,Pakistan,female,
http://www.wikidata.org/entity/Q139485502,Shmyla Khan,http://www.wikidata.org/entity/Q843,Pakistan,female,
http://www.wikidata.org/entity/Q139499298,Samavia Zia,http://www.wikidata.org/entity/Q843,Pakistan,female,
http://www.wikidata.org/entity/Q139585940,Neelam Punjani,http://www.wikidata.org/entity/Q843,Pakistan,female,
http://www.wikidata.org/entity/Q139822551,Kahkashan Kanwal,http://www.wikidata.org/entity/Q843,Pakistan,female,
http://www.wikidata.org/entity/Q139847480,Shazia Tanvir,http://www.wikidata.org/entity/Q843,Pakistan,female,
http://www.wikidata.org/entity/Q139847622,Rashda Bibi,http://www.wikidata.org/entity/Q843,Pakistan,female,
http://www.wikidata.org/entity/Q139851029,Shazia Jaffar,http://www.wikidata.org/entity/Q843,Pakistan,female,
http://www.wikidata.org/entity/Q139851273,Sumaira Kousar,http://www.wikidata.org/entity/Q843,Pakistan,female,
http://www.wikidata.org/entity/Q139851681,Syeda Raaeha Tuz Zahra Abidi,http://www.wikidata.org/entity/Q843,Pakistan,female,
http://www.wikidata.org/entity/Q139853045,Imrana Niazi,http://www.wikidata.org/entity/Q843,Pakistan,female,
http://www.wikidata.org/entity/Q139854047,Saima Naz,http://www.wikidata.org/entity/Q843,Pakistan,female,
http://www.wikidata.org/entity/Q139854108,Iffat Malik,http://www.wikidata.org/entity/Q843,Pakistan,female,
http://www.wikidata.org/entity/Q139900717,Nauman Khan,http://www.wikidata.org/entity/Q843,Pakistan,male,
http://www.wikidata.org/entity/Q139965056,Ahmad Bilal,http://www.wikidata.org/entity/Q843,Pakistan,,
http://www.wikidata.org/entity/Q140087941,MAULWI ABDUL HAQ,http://www.wikidata.org/entity/Q843,Pakistan,male,
http://www.wikidata.org/entity/Q115113198,Q115113198,http://www.wikidata.org/entity/Q843,Pakistan,male,https://ur.wikipedia.org/wiki/%D9%85%D9%88%D9%84%D8%A7%D9%86%D8%A7_%D9%85%D8%B1%D8%B2%D8%A7_%D8%A7%D8%AD%D9%85%D8%AF_%D8%B9%D9%84%DB%8C
http://www.wikidata.org/entity/Q115113198,Q115113198,http://www.wikidata.org/entity/Q843,Pakistan,male,https://skr.wikipedia.org/wiki/%D9%85%D9%88%D9%84%D8%A7%D9%86%D8%A7_%D9%85%D8%B1%D8%B2%D8%A7_%D8%A7%D8%AD%D9%85%D8%AF_%D8%B9%D9%84%DB%8C
http://www.wikidata.org/entity/Q115323650,Muhammad Nafi',http://www.wikidata.org/entity/Q843,Pakistan,male,https://ar.wikipedia.org/wiki/%D9%85%D8%AD%D9%85%D8%AF_%D9%86%D8%A7%D9%81%D8%B9
http://www.wikidata.org/entity/Q115323650,Muhammad Nafi',http://www.wikidata.org/entity/Q843,Pakistan,male,https://en.wikipedia.org/wiki/Muhammad_Nafi%27
http://www.wikidata.org/entity/Q115323650,Muhammad Nafi',http://www.wikidata.org/entity/Q843,Pakistan,male,https://pnb.wikipedia.org/wiki/%D9%85%D8%AD%D9%85%D8%AF_%D9%86%D8%A7%D9%81%D8%B9_%D9%85%D8%AD%D9%85%D8%AF%DB%8C
http://www.wikidata.org/entity/Q115323650,Muhammad Nafi',http://www.wikidata.org/entity/Q843,Pakistan,male,https://ur.wikipedia.org/wiki/%D9%85%D8%AD%D9%85%D8%AF_%D9%86%D8%A7%D9%81%D8%B9_%D9%85%D8%AD%D9%85%D8%AF%DB%8C
http://www.wikidata.org/entity/Q115863938,Allama Abdul Gaffar Zahbi,http://www.wikidata.org/entity/Q843,Pakistan,male,https://pnb.wikipedia.org/wiki/%D8%B9%D8%A8%D8%AF%D8%A7%D9%84%D8%BA%D9%81%D8%A7%D8%B1_%D8%B0%DB%81%D8%A8%DB%8C
http://www.wikidata.org/entity/Q115863938,Allama Abdul Gaffar Zahbi,http://www.wikidata.org/entity/Q843,Pakistan,male,https://ur.wikipedia.org/wiki/%D8%B9%D8%A8%D8%AF%D8%A7%D9%84%D8%BA%D9%81%D8%A7%D8%B1_%D8%B0%DA%BE%D8%A8%DB%8C
http://www.wikidata.org/entity/Q117735355,Muhammad Ameen,http://www.wikidata.org/entity/Q843,Pakistan,male,https://skr.wikipedia.org/wiki/%D9%85%D8%AD%D9%85%D8%AF_%D8%A7%D9%85%DB%8C%D9%86
http://www.wikidata.org/entity/Q118109289,Shah Alimuzzaman,http://www.wikidata.org/entity/Q843,Pakistan,male,https://bn.wikipedia.org/wiki/%E0%A6%B6%E0%A6%BE%E0%A6%B9%E0%A7%8D_%E0%A6%86%E0%A6%B2%E0%A6%BF%E0%A6%AE%E0%A7%81%E0%A6%9C%E0%A7%8D%E0%A6%9C%E0%A6%BE%E0%A6%AE%E0%A6%BE%E0%A6%A8
http://www.wikidata.org/entity/Q118521644,Gul Hassan Kalmati,http://www.wikidata.org/entity/Q843,Pakistan,male,https://en.wikipedia.org/wiki/Gul_Hassan_Kalmati
http://www.wikidata.org/entity/Q118521644,Gul Hassan Kalmati,http://www.wikidata.org/entity/Q843,Pakistan,male,https://sd.wikipedia.org/wiki/%DA%AF%D9%84_%D8%AD%D8%B3%D9%86_%DA%AA%D9%84%D9%85%D8%AA%D9%8A
http://www.wikidata.org/entity/Q118521644,Gul Hassan Kalmati,http://www.wikidata.org/entity/Q843,Pakistan,male,https://ur.wikipedia.org/wiki/%DA%AF%D9%84_%D8%AD%D8%B3%D9%86_%DA%A9%D9%84%D9%85%D8%AA%DB%8C
http://www.wikidata.org/entity/Q120726500,Naveed Zaidi,http://www.wikidata.org/entity/Q843,Pakistan,male,https://ur.wikipedia.org/wiki/%D9%86%D9%88%DB%8C%D8%AF_%D8%B2%DB%8C%D8%AF%DB%8C
http://www.wikidata.org/entity/Q122028251,Mir Hussain Ali Imam,http://www.wikidata.org/entity/Q843,Pakistan,male,https://ur.wikipedia.org/wiki/%D9%85%DB%8C%D8%B1_%D8%AD%D8%B3%DB%8C%D9%86_%D8%B9%D9%84%DB%8C_%D8%A7%D9%85%D8%A7%D9%85
http://www.wikidata.org/entity/Q122063260,Farooq Adil,http://www.wikidata.org/entity/Q843,Pakistan,male,https://ur.wikipedia.org/wiki/%D9%81%D8%A7%D8%B1%D9%88%D9%82_%D8%B9%D8%A7%D8%AF%D9%84
http://www.wikidata.org/entity/Q123509785,Neha Mankani,http://www.wikidata.org/entity/Q843,Pakistan,female,https://en.wikipedia.org/wiki/Neha_Mankani
http://www.wikidata.org/entity/Q123509785,Neha Mankani,http://www.wikidata.org/entity/Q843,Pakistan,female,"https://ru.wikipedia.org/wiki/%D0%9C%D0%B0%D0%BD%D0%BA%D0%B0%D0%BD%D0%B8,_%D0%9D%D0%B5%D1%85%D0%B0"
http://www.wikidata.org/entity/Q123509785,Neha Mankani,http://www.wikidata.org/entity/Q843,Pakistan,female,https://uk.wikipedia.org/wiki/%D0%9D%D0%B5%D1%85%D0%B0_%D0%9C%D0%B0%D0%BD%D0%BA%D0%B0%D0%BD%D1%96
http://www.wikidata.org/entity/Q123509785,Neha Mankani,http://www.wikidata.org/entity/Q843,Pakistan,female,https://ca.wikipedia.org/wiki/Neha_Mankani
http://www.wikidata.org/entity/Q123509785,Neha Mankani,http://www.wikidata.org/entity/Q843,Pakistan,female,https://pa.wikipedia.org/wiki/%E0%A8%A8%E0%A9%87%E0%A8%B9%E0%A8%BE_%E0%A8%AE%E0%A8%A8%E0%A8%95%E0%A8%BE%E0%A8%A8%E0%A9%80
http://www.wikidata.org/entity/Q123509785,Neha Mankani,http://www.wikidata.org/entity/Q843,Pakistan,female,https://ta.wikipedia.org/wiki/%E0%AE%A8%E0%AF%87%E0%AE%95%E0%AE%BE_%E0%AE%AE%E0%AE%99%E0%AF%8D%E0%AE%95%E0%AE%A9%E0%AE%BF
http://www.wikidata.org/entity/Q123509785,Neha Mankani,http://www.wikidata.org/entity/Q843,Pakistan,female,https://ur.wikipedia.org/wiki/%D9%86%DB%8C%DB%81%D8%A7_%D9%85%D9%86%DA%A9%D8%A7%D9%86%DB%8C
http://www.wikidata.org/entity/Q130246920,Arifa Sobh Khan,http://www.wikidata.org/entity/Q843,Pakistan,female,https://pnb.wikipedia.org/wiki/%DA%88%D8%A7%DA%A9%D9%B9%D8%B1_%D8%B9%D8%A7%D8%B1%D9%81%DB%81_%D8%B5%D8%A8%D8%AD_%D8%AE%D8%A7%D9%86
http://www.wikidata.org/entity/Q130707322,Allama Syed Ali Raza Naqvi,http://www.wikidata.org/entity/Q843,Pakistan,male,https://ur.wikipedia.org/wiki/%D8%B3%DB%8C%D8%AF_%D8%B9%D9%84%DB%8C_%D8%B1%D8%B6%D8%A7_%D9%86%D8%AC%D9%81%DB%8C
http://www.wikidata.org/entity/Q131309374,Q131309374,http://www.wikidata.org/entity/Q843,Pakistan,male,https://ur.wikipedia.org/wiki/%D9%85%D8%AD%D9%85%D8%AF_%D8%B5%D8%A7%D8%AF%D9%82_%D9%82%D8%B5%D9%88%D8%B1%DB%8C
http://www.wikidata.org/entity/Q131722839,Muhammad Ikram Chughtai,http://www.wikidata.org/entity/Q843,Pakistan,male,https://ar.wikipedia.org/wiki/%D9%85%D8%AD%D9%85%D8%AF_%D8%A5%D9%83%D8%B1%D8%A7%D9%85_%D8%AC%D8%BA%D8%AA%D8%A7%D8%A6%D9%8A
http://www.wikidata.org/entity/Q131722839,Muhammad Ikram Chughtai,http://www.wikidata.org/entity/Q843,Pakistan,male,https://en.wikipedia.org/wiki/Ikram_Chughtai
http://www.wikidata.org/entity/Q131722839,Muhammad Ikram Chughtai,http://www.wikidata.org/entity/Q843,Pakistan,male,https://ur.wikipedia.org/wiki/%D9%85%D8%AD%D9%85%D8%AF_%D8%A7%DA%A9%D8%B1%D8%A7%D9%85_%DA%86%D8%BA%D8%AA%D8%A7%D8%A6%DB%8C
http://www.wikidata.org/entity/Q136776702,Q136776702,http://www.wikidata.org/entity/Q843,Pakistan,,https://ur.wikipedia.org/wiki/%D8%A7%D9%86%D8%B9%D8%A7%D9%85_%D8%A7%D9%84%D8%AD%D9%82_%D8%BA%D8%A7%D8%B2%DB%8C
http://www.wikidata.org/entity/Q137515370,Zubair Farooq,http://www.wikidata.org/entity/Q843,Pakistan,,https://ur.wikipedia.org/wiki/%D8%B2%D8%A8%DB%8C%D8%B1_%D9%81%D8%A7%D8%B1%D9%88%D9%82_%D8%A7%D9%84%D8%B9%D8%B1%D8%B4%DB%8C
http://www.wikidata.org/entity/Q137613461,Q137613461,http://www.wikidata.org/entity/Q843,Pakistan,,https://ur.wikipedia.org/wiki/%D8%B9%D8%A8%D8%AF%D8%A7%D9%84%D8%BA%D9%81%D9%88%D8%B1_%D8%B3%DB%8C%D8%A7%D9%84%DA%A9%D9%88%D9%B9%DB%8C
http://www.wikidata.org/entity/Q137779237,Q137779237,http://www.wikidata.org/entity/Q843,Pakistan,,https://ur.wikipedia.org/wiki/%D8%A7%D8%AD%D9%85%D8%AF_%D8%B4%D8%A7%DB%81_%D8%A8%D8%AE%D8%A7%D8%B1%DB%8C_%DA%86%D9%88%DA%A9%DB%8C%D8%B1%D9%88%DB%8C
http://www.wikidata.org/entity/Q137908808,Q137908808,http://www.wikidata.org/entity/Q843,Pakistan,,https://ur.wikipedia.org/wiki/%D9%85%DB%81%D8%B1_%D9%85%D8%AD%D9%85%D8%AF_%D9%85%DB%8C%D8%A7%D9%86%D9%88%D8%A7%D9%84%D9%88%D9%84%DB%8C
http://www.wikidata.org/entity/Q137915672,Q137915672,http://www.wikidata.org/entity/Q843,Pakistan,,https://ur.wikipedia.org/wiki/%DA%88%D8%A7%DA%A9%D9%B9%D8%B1_%D8%B4%D8%A7%D8%AF%D8%A7%D8%A8_%D8%A7%D8%AD%D8%B3%D8%A7%D9%86%DB%8C
http://www.wikidata.org/entity/Q138055432,Q138055432,http://www.wikidata.org/entity/Q843,Pakistan,,https://ur.wikipedia.org/wiki/%D9%86%D8%AC%DB%8C%D8%A8_%D8%AC%D9%85%D8%A7%D9%84
